cue,target,thisN,thisTrialN,thisRepN,guess_reached.keys,end_encoding.keys,guess_reached.rt,guess_reached.duration,guess_condition,iti,delay,scanner_ready_press.keys,scanner_ready_press.rt,scanner_ready_press.duration,skip_trigger.keys,skip_trigger.rt,skip_trigger.duration,Smiley_file,circlePos,correctdirection,correctResponse,distractorPos,practice_trials.thisRepN,practice_trials.thisTrialN,practice_trials.thisN,practice_trials.thisIndex,learning_words_loop.thisRepN,learning_words_loop.thisTrialN,learning_words_loop.thisN,learning_words_loop.thisIndex,learning_block.thisRepN,learning_block.thisTrialN,learning_block.thisN,learning_block.thisIndex,learning_conditions_loop.thisRepN,learning_conditions_loop.thisTrialN,learning_conditions_loop.thisN,learning_conditions_loop.thisIndex,iti_learning_loop.thisRepN,iti_learning_loop.thisTrialN,iti_learning_loop.thisN,iti_learning_loop.thisIndex,delay_loading_loop.thisRepN,delay_loading_loop.thisTrialN,delay_loading_loop.thisN,delay_loading_loop.thisIndex,learning_trials.thisRepN,learning_trials.thisTrialN,learning_trials.thisN,learning_trials.thisIndex,dist_practice.thisRepN,dist_practice.thisTrialN,dist_practice.thisN,dist_practice.thisIndex,thisRow.t,notes,welcome.started,welcome_text.started,start_experiment_key.started,welcome.stopped,start_experiment_key.keys,start_experiment_key.rt,start_experiment_key.duration,instructions1.started,instructions1_text.started,instruction1_key.started,instructions1.stopped,instruction1_key.keys,instruction1_key.rt,instruction1_key.duration,instructions2.started,instructions2_text.started,instruction2_key.started,instructions2.stopped,instruction2_key.keys,instruction2_key.rt,instruction2_key.duration,instructions3.started,instructions3_text.started,instruction3_key.started,instructions3.stopped,instruction3_key.keys,instruction3_key.rt,instruction3_key.duration,instructions4.started,instructions4_text.started,instruction4_key.started,instructions4.stopped,instruction4_key.keys,instruction4_key.rt,instruction4_key.duration,instructions5.started,instructions5_text.started,instruction5_key.started,instructions5.stopped,instruction5_key.keys,instruction5_key.rt,instruction5_key.duration,iti_learning_practice.started,iti_practice_blank.started,iti_learning_practice.stopped,guess_response.started,guess_response.stopped,practice_trials.guess_reached.keys,feedback_guess.started,feedback_guess.stopped,guess_delay.started,guess_delay.stopped,trial_type,Cue,Target,RunNr,encode.started,dash_stim_learning.started,cue_stim_learning.started,target_stim.started,end_encoding.started,encode.stopped,practice_trials.end_encoding.keys,dash_stim_guessing_resp.started,cue_stim_guessing_resp.started,guess_stim_resp.started,guess_question.started,guess_reached.started,dash_stim_guessing_resp.stopped,cue_stim_guessing_resp.stopped,guess_stim_resp.stopped,guess_question.stopped,guess_reached.stopped,no_response_feedback.started,no_response_feedback.stopped,guess_delay_cross.started,guess_delay_cross.stopped,dash_stim_learning.stopped,cue_stim_learning.stopped,target_stim.stopped,end_encoding.stopped,iti_practice_blank.stopped,practice_trials.guess_reached.rt,practice_trials.guess_reached.duration,load_word_pairs.started,load_word_pairs.stopped,start_task.started,start_task_text.started,start_key.started,start_task.stopped,start_key.keys,start_key.rt,start_key.duration,load_guess_conditions.started,load_guess_conditions.stopped,load_iti.started,load_iti.stopped,load_delay.started,load_delay.stopped,prep_scanner.started,scanner_ready_press.started,ready_set_text.started,prep_scanner.stopped,learning_block.scanner_ready_press.keys,learning_block.scanner_ready_press.rt,learning_block.scanner_ready_press.duration,wait_for_trigger.started,starting_soon.started,skip_trigger.started,wait_for_trigger.stopped,learning_block.skip_trigger.keys,learning_block.skip_trigger.rt,learning_block.skip_trigger.duration,blank.started,begin_end_run_cross.started,sound_1.started,sound_1.stopped,sound_2.started,sound_2.stopped,blank.stopped,setup_learning_trial.started,setup_learning_trial.stopped,learning_trials.guess_reached.keys,learning_trials.guess_reached.rt,learning_trials.guess_reached.duration,learning_trials.end_encoding.keys,iti_task.started,iti_cross.started,iti_cross.stopped,iti_task.stopped,task_break.started,task_break_text.started,task_break_resp.started,task_break.stopped,learning_block.task_break_resp.keys,learning_block.task_break_resp.rt,learning_block.task_break_resp.duration,begin_end_run_cross.stopped,end_part1.started,end_part1_key.started,end_part1_text.started,end_part1.stopped,end_part1_key.keys,end_part1_key.rt,end_part1_key.duration,distractor_instruction.started,dist_instruc.started,key_resp_dist_instr.started,distractor_instruction.stopped,key_resp_dist_instr.keys,key_resp_dist_instr.rt,key_resp_dist_instr.duration,PID,Birthyear,Gender,Handedness,MRI,date,expName,psychopyVersion,frameRate,expStart,
,,,,,,,,,,,,,,,,,,,,,,,,,,,,,,,,,,,,,,,,,,,,,,,,,,,,,,,,,0.011812399956397712,0.034127599908970296,0.034127599908970296,12.96366999996826,space,12.891538999974728,None,,,,,,,,,,,,,,,,,,,,,,,,,,,,,,,,,,,,,,,,,,,,,,,,,,,,,,,,,,,,,,,,,,,,,,,,,,,,,,,,,,,,,,,,,,,,,,,,,,,,,,,,,,,,,,,,,,,,,,,,,,,,,,,,,,,,,,,,,,,,,,,,,,BPL,,,,0,2025-05-29_22h28.04.049,part1_part2,2024.2.4,89.59313066317968,2025-05-29 22h28.27.671794 +0200,
,,,,,,,,,,,,,,,,,,,,,,,,,,,,,,,,,,,,,,,,,,,,,,,,,,,,,,,,,,,,,,,,12.963723799912259,12.97924629994668,12.97924629994668,59.27963229990564,space,46.2953546999488,None,,,,,,,,,,,,,,,,,,,,,,,,,,,,,,,,,,,,,,,,,,,,,,,,,,,,,,,,,,,,,,,,,,,,,,,,,,,,,,,,,,,,,,,,,,,,,,,,,,,,,,,,,,,,,,,,,,,,,,,,,,,,,,,,,,,,,,,,,,,BPL,,,,0,2025-05-29_22h28.04.049,part1_part2,2024.2.4,89.59313066317968,2025-05-29 22h28.27.671794 +0200,
,,,,,,,,,,,,,,,,,,,,,,,,,,,,,,,,,,,,,,,,,,,,,,,,,,,,,,,,,,,,,,,,,,,,,,,59.279672599979676,59.289878299925476,59.289878299925476,63.17981569992844,space,3.878788699978031,None,,,,,,,,,,,,,,,,,,,,,,,,,,,,,,,,,,,,,,,,,,,,,,,,,,,,,,,,,,,,,,,,,,,,,,,,,,,,,,,,,,,,,,,,,,,,,,,,,,,,,,,,,,,,,,,,,,,,,,,,,,,,,,,,,,,,BPL,,,,0,2025-05-29_22h28.04.049,part1_part2,2024.2.4,89.59313066317968,2025-05-29 22h28.27.671794 +0200,
,,,,,,,,,,,,,,,,,,,,,,,,,,,,,,,,,,,,,,,,,,,,,,,,,,,,,,,,,,,,,,,,,,,,,,,,,,,,,,63.17986149992794,63.19020079995971,63.19020079995971,69.42423839995172,space,6.224522799951956,None,,,,,,,,,,,,,,,,,,,,,,,,,,,,,,,,,,,,,,,,,,,,,,,,,,,,,,,,,,,,,,,,,,,,,,,,,,,,,,,,,,,,,,,,,,,,,,,,,,,,,,,,,,,,,,,,,,,,,,,,,,,,,BPL,,,,0,2025-05-29_22h28.04.049,part1_part2,2024.2.4,89.59313066317968,2025-05-29 22h28.27.671794 +0200,
,,,,,,,,,,,,,,,,,,,,,,,,,,,,,,,,,,,,,,,,,,,,,,,,,,,,,,,,,,,,,,,,,,,,,,,,,,,,,,,,,,,,,69.42429879994597,69.43452319991775,69.43452319991775,77.92428669997025,space,8.48104450001847,None,,,,,,,,,,,,,,,,,,,,,,,,,,,,,,,,,,,,,,,,,,,,,,,,,,,,,,,,,,,,,,,,,,,,,,,,,,,,,,,,,,,,,,,,,,,,,,,,,,,,,,,,,,,,,,,,,,,,,,BPL,,,,0,2025-05-29_22h28.04.049,part1_part2,2024.2.4,89.59313066317968,2025-05-29 22h28.27.671794 +0200,
,,,,,,,,,,,,,,,,,,,,,,,,,,,,,,,,,,,,,,,,,,,,,,,,,,,,,,,,,,,,,,,,,,,,,,,,,,,,,,,,,,,,,,,,,,,,77.92433229996823,77.934350800002,77.934350800002,86.63515959994402,space,8.69324619998224,None,,,,,,,,,,,,,,,,,,,,,,,,,,,,,,,,,,,,,,,,,,,,,,,,,,,,,,,,,,,,,,,,,,,,,,,,,,,,,,,,,,,,,,,,,,,,,,,,,,,,,,,,,,,,,,,BPL,,,,0,2025-05-29_22h28.04.049,part1_part2,2024.2.4,89.59313066317968,2025-05-29 22h28.27.671794 +0200,
Frühstück,Brot,0,0,0,None,None,,,,,,,,,,,,,,,,,0,0,0,1,,,,,,,,,,,,,,,,,,,,,,,,,,,,,86.65658229996916,,,,,,,,,,,,,,,,,,,,,,,,,,,,,,,,,,,,,,,,,,,,86.64273969992064,86.65658229996916,88.64589319995139,88.64812279993203,88.64815949997865,None,88.65081659995485,88.65083499997854,88.65084819996264,88.65086139994673,Read,Frühstück,Brot,0,88.65314459998626,88.66806319996249,88.66806319996249,88.66806319996249,88.66806319996249,91.65684859990142,None,,,,,,,,,,,,,,,,,,,,,,,,,,,,,,,,,,,,,,,,,,,,,,,,,,,,,,,,,,,,,,,,,,,,,,,,,,,,,,,,,,,,,,,,,,BPL,,,,0,2025-05-29_22h28.04.049,part1_part2,2024.2.4,89.59313066317968,2025-05-29 22h28.27.671794 +0200,
Wand,Fenster,1,1,0,None,None,,,,,,,,,,,,,,,,,0,1,1,0,,,,,,,,,,,,,,,,,,,,,,,,,,,,,91.66764769994188,,,,,,,,,,,,,,,,,,,,,,,,,,,,,,,,,,,,,,,,,,,,91.65711859997828,91.66764769994188,93.65742929989938,93.65917609992903,96.6682519998867,None,96.66832659998909,98.16866669990122,98.16871679993346,101.16809519997332,Guess,Wand,Fenster,0,101.17093429993838,101.17796759994235,101.17796759994235,101.17796759994235,101.17796759994235,104.16843739990145,None,93.67940789996646,93.67940789996646,93.67940789996646,93.67940789996646,93.67940789996646,96.67892529990058,96.67892529990058,96.67892529990058,96.67892529990058,96.67892529990058,96.67892529990058,98.17912929994054,98.17912929994054,101.17796759994235,104.17881089996081,104.17881089996081,104.17881089996081,104.17881089996081,,,,,,,,,,,,,,,,,,,,,,,,,,,,,,,,,,,,,,,,,,,,,,,,,,,,,,,,,,,,,,,,,,,,,,,,BPL,,,,0,2025-05-29_22h28.04.049,part1_part2,2024.2.4,89.59313066317968,2025-05-29 22h28.27.671794 +0200,
Park,Spielplatz,2,2,0,2,None,1.983462700038217,0.11941069993190467,,,,,,,,,,,,,,,0,2,2,3,,,,,,,,,,,,,,,,,,,,,,,,,,,,,104.17881089996081,,,,,,,,,,,,,,,,,,,,,,,,,,,,,,,,,,,,,,,,,,,,104.1686276999535,104.17881089996081,106.16809299995657,106.17088049999438,109.16865119989961,2,109.17186989996117,110.66889879992232,110.66895399999339,113.6687055999646,Guess,Park,Spielplatz,0,113.67175889993086,113.67864790000021,113.67864790000021,113.67864790000021,113.67864790000021,116.66864699998405,None,106.17938609991688,106.17938609991688,106.17938609991688,106.17938609991688,106.17938609991688,109.17855449998751,109.17855449998751,109.17855449998751,109.17855449998751,109.17855449998751,109.17855449998751,110.67933419998735,110.67933419998735,113.67864790000021,116.67919499997515,116.67919499997515,116.67919499997515,116.67919499997515,106.17938609991688,1.983462700038217,0.11941069993190467,,,,,,,,,,,,,,,,,,,,,,,,,,,,,,,,,,,,,,,,,,,,,,,,,,,,,,,,,,,,,,,,,,,,,BPL,,,,0,2025-05-29_22h28.04.049,part1_part2,2024.2.4,89.59313066317968,2025-05-29 22h28.27.671794 +0200,
Hund,Pfote,3,3,0,None,None,,,,,,,,,,,,,,,,,0,3,3,2,,,,,,,,,,,,,,,,,,,,,,,,,,,,,116.67919499997515,,,,,,,,,,,,,,,,,,,,,,,,,,,,,,,,,,,,,,,,,,,,116.66884749999736,116.67919499997515,118.66852259996813,118.6702304999344,118.67026379995514,None,118.67330009990837,118.67331849993207,118.67333179991692,118.6733447998995,Read,Hund,Pfote,0,118.67545569990762,118.69093849998899,118.69093849998899,118.69093849998899,118.69093849998899,121.67929079988971,None,,,,,,,,,,,,,,,,,,,118.69093849998899,,,,,,,,,,,,,,,,,,,,,,,,,,,,,,,,,,,,,,,,,,,,,,,,,,,,,,,,,,,,,,,,,,,,,,,BPL,,,,0,2025-05-29_22h28.04.049,part1_part2,2024.2.4,89.59313066317968,2025-05-29 22h28.27.671794 +0200,
Scheidung,Anwalt,79,79,0,,,,,,,,,,,,,,,,,,,,,,,0,79,79,4,,,,,,,,,,,,,,,,,,,,,,,,,121.72447439993266,,,,,,,,,,,,,,,,,,,,,,,,,,,,,,,,,,,,,,,,,,,,,,,,,,,,,,,,,,,,,,,,,,,,,,,,,,,,,,,,,,,,,,121.70603709993884,121.70616549998522,121.70620179991238,121.72447439993266,121.72447439993266,141.97967439994682,space,20.249928100034595,None,,,,,,,,,,,,,,,,,,,,,,,,,,,,,,,,,,,,,,,,,,,,,,,,,,,,,,,,,,,,BPL,,,,0,2025-05-29_22h28.04.049,part1_part2,2024.2.4,89.59313066317968,2025-05-29 22h28.27.671794 +0200,
,,0,0,0,2,None,1.8575110000092536,0.13026030000764877,Guess,2.183,4.0504,space,7.37791520007886,None,p,1.9964321000734344,None,,,,,,,,,,,,,,0,0,0,0,0,39,39,9,0,39,39,15,0,19,19,14,0,0,0,0,,,,,163.4569724999601,,,,,,,,,,,,,,,,,,,,,,,,,,,,,,,,,,,,,,,,,,,,,,,163.44913509988692,166.44715699995868,,,,166.44724119990133,170.50296999991406,Guess,Scheidung,Anwalt,1,170.506120899925,170.5245711999014,170.5245711999014,170.5245711999014,170.5245711999014,173.51328719989397,,163.4569724999601,163.4569724999601,163.4569724999601,163.4569724999601,163.4569724999601,166.45809579989873,166.45809579989873,166.45809579989873,166.45809579989873,166.45809579989873,,,166.45809579989873,170.5245711999014,,,,,,,,,,,,,,,,,141.99297619995195,141.99311409995425,142.00704369996674,142.007181199966,142.01445729995612,142.01459399994928,142.01561029988807,142.03500239993446,142.03500239993446,149.42446449992713,space,7.37791520007886,None,149.42453139997087,149.43552479997743,149.43552479997743,151.43642799998634,p,1.9964321000734344,None,151.47836149996147,151.4903119999217,151.48540929991287,152.70200179994572,161.44096726662636,162.44637149991468,163.44617049989756,163.4467315999791,163.44710369990207,2,1.8575110000092536,0.13026030000764877,None,173.51334730000235,173.52415849990211,175.7140436999034,175.6910048999125,,,,,,,,,,,,,,,,,,,,,,,BPL,,,,0,2025-05-29_22h28.04.049,part1_part2,2024.2.4,89.59313066317968,2025-05-29 22h28.27.671794 +0200,
,,1,0,1,None,None,,,,,,space,7.37791520007886,None,p,1.9964321000734344,None,,,,,,,,,,,,,,0,0,0,0,,,,,,,,,,,,,1,0,1,0,,,,,175.7140436999034,,,,,,,,,,,,,,,,,,,,,,,,,,,,,,,,,,,,,,,,,,,,,,,175.69318750000093,175.69321919989306,,,,175.69324069994036,175.69325439992826,Read,Küche,Tisch,1,175.69647529989015,175.7140436999034,175.7140436999034,175.7140436999034,175.7140436999034,178.70145939989015,,,,,,,,,,,,,,,,,,,,,,,,,,,,,,,,,,,,,,,,,,,,,,,,,,,,,,,,,,,175.6912134999875,175.69149689993355,None,,,None,178.7015278999461,178.713288799976,180.95690069999546,180.94724059989676,,,,,,,,,,,,,,,,,,,,,,,BPL,,,,0,2025-05-29_22h28.04.049,part1_part2,2024.2.4,89.59313066317968,2025-05-29 22h28.27.671794 +0200,
,,2,0,2,2,None,1.3489898000843823,0.18973079998977482,,,,space,7.37791520007886,None,p,1.9964321000734344,None,,,,,,,,,,,,,,0,0,0,0,,,,,,,,,,,,,2,0,2,0,,,,,180.95690069999546,,,,,,,,,,,,,,,,,,,,,,,,,,,,,,,,,,,,,,,,,,,,,,,180.94905189995188,183.94712839997374,,,,183.94721129990648,186.65751989989076,Guess,Vers,Kapitel,1,186.66002419998404,186.6681223999476,186.6681223999476,186.6681223999476,186.6681223999476,189.65800759999547,,180.95690069999546,180.95690069999546,180.95690069999546,180.95690069999546,180.95690069999546,183.95746129995678,183.95746129995678,183.95746129995678,183.95746129995678,183.95746129995678,,,183.95746129995678,186.6681223999476,,,,,,,,,,,,,,,,,,,,,,,,,,,,,,,,,,,,,,,,,,,,180.9475009999005,180.94765459990595,2,1.3489898000843823,0.18973079998977482,None,189.65810549992602,189.66879359993618,193.22466209996492,193.2029337999411,,,,,,,,,,,,,,,,,,,,,,,BPL,,,,0,2025-05-29_22h28.04.049,part1_part2,2024.2.4,89.59313066317968,2025-05-29 22h28.27.671794 +0200,
,,3,0,3,None,None,,,,,,space,7.37791520007886,None,p,1.9964321000734344,None,,,,,,,,,,,,,,0,0,0,0,,,,,,,,,,,,,3,0,3,0,,,,,193.22466209996492,,,,,,,,,,,,,,,,,,,,,,,,,,,,,,,,,,,,,,,,,,,,,,,193.20517249999102,193.2052058998961,,,,193.20522859995253,193.20524299994577,Read,Service,Center,1,193.20807319995947,193.22466209996492,193.22466209996492,193.22466209996492,193.22466209996492,196.2135208999971,,,,,,,,,,,,,,,,,,,,,,,,,,,,,,,,,,,,,,,,,,,,,,,,,,,,,,,,,,,193.20319989998825,193.20341259997804,None,,,None,196.21359039994422,196.22434279997833,201.9246210999554,201.90283209993504,,,,,,,,,,,,,,,,,,,,,,,BPL,,,,0,2025-05-29_22h28.04.049,part1_part2,2024.2.4,89.59313066317968,2025-05-29 22h28.27.671794 +0200,
,,4,0,4,None,None,,,,,,space,7.37791520007886,None,p,1.9964321000734344,None,,,,,,,,,,,,,,0,0,0,0,,,,,,,,,,,,,4,0,4,0,,,,,201.9246210999554,,,,,,,,,,,,,,,,,,,,,,,,,,,,,,,,,,,,,,,,,,,,,,,201.90493219997734,201.90496249997523,,,,201.9049834999023,201.90499629999977,Read,Gast,Zimmer,1,201.9069466999499,201.9246210999554,201.9246210999554,201.9246210999554,201.9246210999554,204.91333429992665,,,,,,,,,,,,,,,,,,,,,,,,,,,,,,,,,,,,,,,,,,,,,,,,,,,,,,,,,,,201.90309309994336,201.90335679997224,None,,,None,204.91339449991938,204.92419219994918,207.4015567000024,207.39158369996585,,,,,,,,,,,,,,,,,,,,,,,BPL,,,,0,2025-05-29_22h28.04.049,part1_part2,2024.2.4,89.59313066317968,2025-05-29 22h28.27.671794 +0200,
,,5,0,5,2,None,1.1726366999791935,0.19524890009779483,,,,space,7.37791520007886,None,p,1.9964321000734344,None,,,,,,,,,,,,,,0,0,0,0,,,,,,,,,,,,,5,0,5,0,,,,,207.4015567000024,,,,,,,,,,,,,,,,,,,,,,,,,,,,,,,,,,,,,,,,,,,,,,,207.39376059989445,210.39127239992376,,,,210.39135959988926,212.51430569996592,Guess,Zahnpasta,Gel,1,212.51737019990105,212.53641329996753,212.53641329996753,212.53641329996753,212.53641329996753,215.5242581999628,,207.4015567000024,207.4015567000024,207.4015567000024,207.4015567000024,207.4015567000024,210.4026313999202,210.4026313999202,210.4026313999202,210.4026313999202,210.4026313999202,,,210.4026313999202,212.53641329996753,,,,,,,,,,,,,,,,,,,,,,,,,,,,,,,,,,,,,,,,,,,,207.3918383999262,207.39201419998426,2,1.1726366999791935,0.19524890009779483,None,215.52432739990763,215.53515719994903,218.0371232999023,218.01417409989517,,,,,,,,,,,,,,,,,,,,,,,BPL,,,,0,2025-05-29_22h28.04.049,part1_part2,2024.2.4,89.59313066317968,2025-05-29 22h28.27.671794 +0200,
,,6,0,6,None,None,,,,,,space,7.37791520007886,None,p,1.9964321000734344,None,,,,,,,,,,,,,,0,0,0,0,,,,,,,,,,,,,6,0,6,0,,,,,218.0371232999023,,,,,,,,,,,,,,,,,,,,,,,,,,,,,,,,,,,,,,,,,,,,,,,218.01610339991748,218.0161361999344,,,,218.0161568999756,218.016170399962,Read,Juwel,Gold,1,218.0181969999103,218.0371232999023,218.0371232999023,218.0371232999023,218.0371232999023,221.02454469993245,,,,,,,,,,,,,,,,,,,,,,,,,,,,,,,,,,,,,,,,,,,,,,,,,,,,,,,,,,,218.01440239988733,218.01456539996434,None,,,None,221.02461539988872,221.0353375999257,223.54711879999377,223.5247654999839,,,,,,,,,,,,,,,,,,,,,,,BPL,,,,0,2025-05-29_22h28.04.049,part1_part2,2024.2.4,89.59313066317968,2025-05-29 22h28.27.671794 +0200,
,,7,0,7,None,None,,,,,,space,7.37791520007886,None,p,1.9964321000734344,None,,,,,,,,,,,,,,0,0,0,0,,,,,,,,,,,,,7,0,7,0,,,,,223.54711879999377,,,,,,,,,,,,,,,,,,,,,,,,,,,,,,,,,,,,,,,,,,,,,,,223.52681159996428,223.5268474998884,,,,223.5268720999593,223.5268849999411,Read,Humor,Komödie,1,223.52957529993728,223.54711879999377,223.54711879999377,223.54711879999377,223.54711879999377,226.53624869999476,,,,,,,,,,,,,,,,,,,,,,,,,,,,,,,,,,,,,,,,,,,,,,,,,,,,,,,,,,,223.5249434999423,223.52512709994335,None,,,None,226.53631629992742,226.54710339999292,228.68025449989364,228.65814590000082,,,,,,,,,,,,,,,,,,,,,,,BPL,,,,0,2025-05-29_22h28.04.049,part1_part2,2024.2.4,89.59313066317968,2025-05-29 22h28.27.671794 +0200,
,,8,0,8,None,None,,,,,,space,7.37791520007886,None,p,1.9964321000734344,None,,,,,,,,,,,,,,0,0,0,0,,,,,,,,,,,,,8,0,8,0,,,,,228.68025449989364,,,,,,,,,,,,,,,,,,,,,,,,,,,,,,,,,,,,,,,,,,,,,,,228.66000319994055,228.66003449994605,,,,228.66005569999106,228.66006889997516,Read,Brise,Strand,1,228.6621871999232,228.68025449989364,228.68025449989364,228.68025449989364,228.68025449989364,231.66907799988985,,,,,,,,,,,,,,,,,,,,,,,,,,,,,,,,,,,,,,,,,,,,,,,,,,,,,,,,,,,228.65833259990904,228.65850549994502,None,,,None,231.66915179998614,231.68012539995834,235.58067919989116,235.55901739990804,,,,,,,,,,,,,,,,,,,,,,,BPL,,,,0,2025-05-29_22h28.04.049,part1_part2,2024.2.4,89.59313066317968,2025-05-29 22h28.27.671794 +0200,
,,9,0,9,None,None,,,,,,space,7.37791520007886,None,p,1.9964321000734344,None,,,,,,,,,,,,,,0,0,0,0,,,,,,,,,,,,,9,0,9,0,,,,,235.58067919989116,,,,,,,,,,,,,,,,,,,,,,,,,,,,,,,,,,,,,,,,,,,,,,,235.56131899997126,235.56134949997067,,,,235.56137049989775,235.56138389999978,Read,Chips,Salz,1,235.56376979989,235.58067919989116,235.58067919989116,235.58067919989116,235.58067919989116,238.5694511999609,,,,,,,,,,,,,,,,,,,,,,,,,,,,,,,,,,,,,,,,,,,,,,,,,,,,,,,,,,,235.55927929992322,235.55957619997207,None,,,None,238.5695253999438,238.58043949992862,241.29076509992592,241.28120249998756,,,,,,,,,,,,,,,,,,,,,,,BPL,,,,0,2025-05-29_22h28.04.049,part1_part2,2024.2.4,89.59313066317968,2025-05-29 22h28.27.671794 +0200,
,,10,0,10,2,None,1.276033699978143,0.23853920004330575,,,,space,7.37791520007886,None,p,1.9964321000734344,None,,,,,,,,,,,,,,0,0,0,0,,,,,,,,,,,,,10,0,10,0,,,,,241.29076509992592,,,,,,,,,,,,,,,,,,,,,,,,,,,,,,,,,,,,,,,,,,,,,,,241.28321849997155,244.2813893998973,,,,244.28145699994639,247.56985899992287,Guess,Wüste,Sturm,1,247.57260719989426,247.57915579993278,247.57915579993278,247.57915579993278,247.57915579993278,250.5700694998959,,241.29076509992592,241.29076509992592,241.29076509992592,241.29076509992592,241.29076509992592,244.29150039993692,244.29150039993692,244.29150039993692,244.29150039993692,244.29150039993692,,,244.29150039993692,247.57915579993278,250.58068129990716,250.58068129990716,250.58068129990716,250.58068129990716,,,,,,,,,,,,,,,,,,,,,,,,,,,,,,,,,,,,,,,,241.28146709990688,241.28164869989268,2,1.276033699978143,0.23853920004330575,None,250.5701406999724,250.58068129990716,253.535383899929,253.52570429991465,,,,,,,,,,,,,,,,,,,,,,,BPL,,,,0,2025-05-29_22h28.04.049,part1_part2,2024.2.4,89.59313066317968,2025-05-29 22h28.27.671794 +0200,
,,11,0,11,2,None,1.5975609999150038,0.21943499997723848,,,,space,7.37791520007886,None,p,1.9964321000734344,None,,,,,,,,,,,,,,0,0,0,0,,,,,,,,,,,,,11,0,11,0,,,,,253.535383899929,,,,,,,,,,,,,,,,,,,,,,,,,,,,,,,,,,,,,,,,,,,,,,,253.52792469994165,256.52514939999674,,,,256.52522049995605,258.67001639993396,Guess,Publikum,Konzert,1,258.67333149991464,258.6915259999223,258.6915259999223,258.6915259999223,258.6915259999223,261.68061439995654,,253.535383899929,253.535383899929,253.535383899929,253.535383899929,253.535383899929,256.53579249989707,256.53579249989707,256.53579249989707,256.53579249989707,256.53579249989707,,,256.53579249989707,258.6915259999223,,,,,,,,,,,,,,,,,,,,,,,,,,,,,,,,,,,,,,,,,,,,253.52596899995115,253.52622749994043,2,1.5975609999150038,0.21943499997723848,None,261.68069329997525,261.6913808999816,263.8253643999342,263.8030934999697,,,,,,,,,,,,,,,,,,,,,,,BPL,,,,0,2025-05-29_22h28.04.049,part1_part2,2024.2.4,89.59313066317968,2025-05-29 22h28.27.671794 +0200,
,,12,0,12,None,None,,,,,,space,7.37791520007886,None,p,1.9964321000734344,None,,,,,,,,,,,,,,0,0,0,0,,,,,,,,,,,,,12,0,12,0,,,,,263.8253643999342,,,,,,,,,,,,,,,,,,,,,,,,,,,,,,,,,,,,,,,,,,,,,,,263.80499749991577,263.80503069993574,,,,263.80505369999446,263.8050674999831,Read,Büro,Geschäft,1,263.80748679989483,263.8253643999342,263.8253643999342,263.8253643999342,263.8253643999342,266.81380249990616,,,,,,,,,,,,,,,,,,,,,,,,,,,,,,,,,,,,,,,,,,,,,,,,,,,,,,,,,,,263.80327289993875,263.8034385999199,None,,,None,266.81387089996133,266.8248582999222,271.29281849996187,271.27017979999073,,,,,,,,,,,,,,,,,,,,,,,BPL,,,,0,2025-05-29_22h28.04.049,part1_part2,2024.2.4,89.59313066317968,2025-05-29 22h28.27.671794 +0200,
,,13,0,13,None,None,,,,,,space,7.37791520007886,None,p,1.9964321000734344,None,,,,,,,,,,,,,,0,0,0,0,,,,,,,,,,,,,13,0,13,0,,,,,271.29281849996187,,,,,,,,,,,,,,,,,,,,,,,,,,,,,,,,,,,,,,,,,,,,,,,271.27224049996585,271.27227359998506,,,,271.2722964999266,271.272310399916,Read,Hemd,Rock,1,271.2747390998993,271.29281849996187,271.29281849996187,271.29281849996187,271.29281849996187,274.28065089997835,,,,,,,,,,,,,,,,,,,,,,,,,,,,,,,,,,,,,,,,,,,,,,,,,,,,,,,,,,,271.27043349994346,271.2706832999829,None,,,None,274.28070189990103,274.2917110999115,279.1692496999167,279.1586333999876,,,,,,,,,,,,,,,,,,,,,,,BPL,,,,0,2025-05-29_22h28.04.049,part1_part2,2024.2.4,89.59313066317968,2025-05-29 22h28.27.671794 +0200,
,,14,0,14,2,None,1.4432694000424817,0.20120439992751926,,,,space,7.37791520007886,None,p,1.9964321000734344,None,,,,,,,,,,,,,,0,0,0,0,,,,,,,,,,,,,14,0,14,0,,,,,279.1692496999167,,,,,,,,,,,,,,,,,,,,,,,,,,,,,,,,,,,,,,,,,,,,,,,279.1603310999926,282.15931959997397,,,,282.1594035999151,284.3476817999035,Guess,Klee,Glück,1,284.3502949998947,284.3577156999381,284.3577156999381,284.3577156999381,284.3577156999381,287.3471449998906,,279.1692496999167,279.1692496999167,279.1692496999167,279.1692496999167,279.1692496999167,282.1699472999899,282.1699472999899,282.1699472999899,282.1699472999899,282.1699472999899,,,282.1699472999899,284.3577156999381,287.3588513999712,287.3588513999712,287.3588513999712,287.3588513999712,,,,,,,,,,,,,,,,,,,,,,,,,,,,,,,,,,,,,,,,279.15888679993805,279.1590669999132,2,1.4432694000424817,0.20120439992751926,None,287.34719559992664,287.3588513999712,291.0467494999757,291.03620599990245,,,,,,,,,,,,,,,,,,,,,,,BPL,,,,0,2025-05-29_22h28.04.049,part1_part2,2024.2.4,89.59313066317968,2025-05-29 22h28.27.671794 +0200,
,,15,0,15,2,None,1.149211199954152,0.18246859998907894,,,,space,7.37791520007886,None,p,1.9964321000734344,None,,,,,,,,,,,,,,0,0,0,0,,,,,,,,,,,,,15,0,15,0,,,,,291.0467494999757,,,,,,,,,,,,,,,,,,,,,,,,,,,,,,,,,,,,,,,,,,,,,,,291.0383170999121,294.036383699975,,,,294.0364433999639,298.770465199952,Guess,Vampir,Monster,1,298.77386499999557,298.79294039995875,298.79294039995875,298.79294039995875,298.79294039995875,301.7811389999697,,291.0467494999757,291.0467494999757,291.0467494999757,291.0467494999757,291.0467494999757,294.0480022999691,294.0480022999691,294.0480022999691,294.0480022999691,294.0480022999691,,,294.0480022999691,298.79294039995875,,,,,,,,,,,,,,,,,,,,,,,,,,,,,,,,,,,,,,,,,,,,291.03646519989707,291.0367541000014,2,1.149211199954152,0.18246859998907894,None,301.781207999913,301.79196909989696,304.03719869989436,304.01529389992356,,,,,,,,,,,,,,,,,,,,,,,BPL,,,,0,2025-05-29_22h28.04.049,part1_part2,2024.2.4,89.59313066317968,2025-05-29 22h28.27.671794 +0200,
,,16,0,16,None,None,,,,,,space,7.37791520007886,None,p,1.9964321000734344,None,,,,,,,,,,,,,,0,0,0,0,,,,,,,,,,,,,16,0,16,0,,,,,304.03719869989436,,,,,,,,,,,,,,,,,,,,,,,,,,,,,,,,,,,,,,,,,,,,,,,304.0172921998892,304.0173245999031,,,,304.01734509994276,304.01735859992914,Read,Knie,Knöchel,1,304.01949069998227,304.03719869989436,304.03719869989436,304.03719869989436,304.03719869989436,307.0249628999736,,,,,,,,,,,,,,,,,,,,,,,,,,,,,,,,,,,,,,,,,,,,,,,,,,,,,,,,,,,304.0155599999707,304.015968499938,None,,,None,307.0250394999748,307.03580269997474,310.30247759993654,310.29293649992906,,,,,,,,,,,,,,,,,,,,,,,BPL,,,,0,2025-05-29_22h28.04.049,part1_part2,2024.2.4,89.59313066317968,2025-05-29 22h28.27.671794 +0200,
,,17,0,17,2,None,1.1925256000831723,0.18219109997153282,,,,space,7.37791520007886,None,p,1.9964321000734344,None,,,,,,,,,,,,,,0,0,0,0,,,,,,,,,,,,,17,0,17,0,,,,,310.30247759993654,,,,,,,,,,,,,,,,,,,,,,,,,,,,,,,,,,,,,,,,,,,,,,,310.29489069990814,313.2928512999788,,,,313.292940299958,316.83775469998363,Guess,Zimt,Rolle,1,316.84031679993495,316.8469995999476,316.8469995999476,316.8469995999476,316.8469995999476,319.8374455999583,,310.30247759993654,310.30247759993654,310.30247759993654,310.30247759993654,310.30247759993654,313.30327809997834,313.30327809997834,313.30327809997834,313.30327809997834,313.30327809997834,,,313.30327809997834,316.8469995999476,319.84791479993146,319.84791479993146,319.84791479993146,319.84791479993146,,,,,,,,,,,,,,,,,,,,,,,,,,,,,,,,,,,,,,,,310.29320819990244,310.29342469992116,2,1.1925256000831723,0.18219109997153282,None,319.8375126000028,319.84791479993146,323.17010129999835,323.15896409994457,,,,,,,,,,,,,,,,,,,,,,,BPL,,,,0,2025-05-29_22h28.04.049,part1_part2,2024.2.4,89.59313066317968,2025-05-29 22h28.27.671794 +0200,
,,18,0,18,2,None,0.9699950000504032,0.20627540000714362,,,,space,7.37791520007886,None,p,1.9964321000734344,None,,,,,,,,,,,,,,0,0,0,0,,,,,,,,,,,,,18,0,18,0,,,,,323.17010129999835,,,,,,,,,,,,,,,,,,,,,,,,,,,,,,,,,,,,,,,,,,,,,,,323.1612399999285,326.1589600999141,,,,326.1590377999237,330.49310679989867,Guess,Saft,Karton,1,330.49587809992954,330.5026035999181,330.5026035999181,330.5026035999181,330.5026035999181,333.4929863999132,,323.17010129999835,323.17010129999835,323.17010129999835,323.17010129999835,323.17010129999835,326.16960109991487,326.16960109991487,326.16960109991487,326.16960109991487,326.16960109991487,,,326.16960109991487,330.5026035999181,333.503417299944,333.503417299944,333.503417299944,333.503417299944,,,,,,,,,,,,,,,,,,,,,,,,,,,,,,,,,,,,,,,,323.15922909998335,323.1594001998892,2,0.9699950000504032,0.20627540000714362,None,333.49305229994934,333.503417299944,336.9249266999541,336.9147188999923,,,,,,,,,,,,,,,,,,,,,,,BPL,,,,0,2025-05-29_22h28.04.049,part1_part2,2024.2.4,89.59313066317968,2025-05-29 22h28.27.671794 +0200,
,,19,0,19,2,None,0.9339600999373943,0.21707370004151016,,,,space,7.37791520007886,None,p,1.9964321000734344,None,,,,,,,,,,,,,,0,0,0,0,,,,,,,,,,,,,19,0,19,0,,,,,336.9249266999541,,,,,,,,,,,,,,,,,,,,,,,,,,,,,,,,,,,,,,,,,,,,,,,336.916507499991,339.9151045999024,,,,339.91516739991494,342.1373931999551,Guess,Rose,Duft,1,342.1401020999765,342.1470936998958,342.1470936998958,342.1470936998958,342.1470936998958,345.13756699999794,,336.9249266999541,336.9249266999541,336.9249266999541,336.9249266999541,336.9249266999541,339.92585529992357,339.92585529992357,339.92585529992357,339.92585529992357,339.92585529992357,,,339.92585529992357,342.1470936998958,345.14803789998405,345.14803789998405,345.14803789998405,345.14803789998405,,,,,,,,,,,,,,,,,,,,,,,,,,,,,,,,,,,,,,,,336.9149883999489,336.91515339992475,2,0.9339600999373943,0.21707370004151016,None,345.1376440000022,345.14803789998405,349.93616819998715,349.92600159998983,,,,,,,,,,,,,,,,,,,,,,,BPL,,,,0,2025-05-29_22h28.04.049,part1_part2,2024.2.4,89.59313066317968,2025-05-29 22h28.27.671794 +0200,
,,20,0,20,2,None,1.2615124000003561,0.1783589000115171,,,,space,7.37791520007886,None,p,1.9964321000734344,None,,,,,,,,,,,,,,0,0,0,0,,,,,,,,,,,,,20,0,20,0,,,,,349.93616819998715,,,,,,,,,,,,,,,,,,,,,,,,,,,,,,,,,,,,,,,,,,,,,,,349.9286682999227,352.9266757000005,,,,352.9267584999325,355.44856479996815,Guess,Zunge,Sprache,1,355.45159549999516,355.4702492998913,355.4702492998913,355.4702492998913,355.4702492998913,358.458966499893,,349.93616819998715,349.93616819998715,349.93616819998715,349.93616819998715,349.93616819998715,352.9371643998893,352.9371643998893,352.9371643998893,352.9371643998893,352.9371643998893,,,352.9371643998893,355.4702492998913,,,,,,,,,,,,,,,,,,,,,,,,,,,,,,,,,,,,,,,,,,,,349.9262693999335,349.92656299995724,2,1.2615124000003561,0.1783589000115171,None,358.45903419994283,358.46994539990555,361.90233809989877,361.89252929994836,,,,,,,,,,,,,,,,,,,,,,,BPL,,,,0,2025-05-29_22h28.04.049,part1_part2,2024.2.4,89.59313066317968,2025-05-29 22h28.27.671794 +0200,
,,21,0,21,None,None,,,,,,space,7.37791520007886,None,p,1.9964321000734344,None,,,,,,,,,,,,,,0,0,0,0,,,,,,,,,,,,,21,0,21,0,,,,,361.90233809989877,,,,,,,,,,,,,,,,,,,,,,,,,,,,,,,,,,,,,,,,,,,,,,,361.89439809997566,361.89442999998573,,,,361.89445039990824,361.89446409989614,Read,Kino,Popcorn,1,361.8965257999953,361.90233809989877,361.90233809989877,361.90233809989877,361.90233809989877,364.8929330999963,,,,,,,,,,,,,,,,364.90348659991287,364.90348659991287,364.90348659991287,364.90348659991287,,,,,,,,,,,,,,,,,,,,,,,,,,,,,,,,,,,,,,,,361.8927901999559,361.89308589999564,None,,,None,364.8929968999,364.90348659991287,367.5816666999599,367.5599444999825,,,,,,,,,,,,,,,,,,,,,,,BPL,,,,0,2025-05-29_22h28.04.049,part1_part2,2024.2.4,89.59313066317968,2025-05-29 22h28.27.671794 +0200,
,,22,0,22,None,None,,,,,,space,7.37791520007886,None,p,1.9964321000734344,None,,,,,,,,,,,,,,0,0,0,0,,,,,,,,,,,,,22,0,22,0,,,,,367.5816666999599,,,,,,,,,,,,,,,,,,,,,,,,,,,,,,,,,,,,,,,,,,,,,,,367.56257999991067,367.562618499971,,,,367.5626399999019,367.56265379989054,Read,Fakt,Wissen,1,367.564588899957,367.5816666999599,367.5816666999599,367.5816666999599,367.5816666999599,370.5705287999008,,,,,,,,,,,,,,,,,,,,,,,,,,,,,,,,,,,,,,,,,,,,,,,,,,,,,,,,,,,367.56021709996276,367.560514499899,None,,,None,370.57063239999115,370.58142279996537,373.1925660999259,373.1710762999719,,,,,,,,,,,,,,,,,,,,,,,BPL,,,,0,2025-05-29_22h28.04.049,part1_part2,2024.2.4,89.59313066317968,2025-05-29 22h28.27.671794 +0200,
,,23,0,23,None,None,,,,,,space,7.37791520007886,None,p,1.9964321000734344,None,,,,,,,,,,,,,,0,0,0,0,,,,,,,,,,,,,23,0,23,0,,,,,373.1925660999259,,,,,,,,,,,,,,,,,,,,,,,,,,,,,,,,,,,,,,,,,,,,,,,373.17331439990085,373.17334599990863,,,,373.1733690999681,373.1733830999583,Read,Sitzgurt,Schutz,1,373.1757798999315,373.1925660999259,373.1925660999259,373.1925660999259,373.1925660999259,376.1814666999271,,,,,,,,,,,,,,,,,,,,,,,,,,,,,,,,,,,,,,,,,,,,,,,,,,,,,,,,,,,373.1713227999862,373.1714897999773,None,,,None,376.18153479998,376.1923370999284,378.73820629995316,378.7156936998945,,,,,,,,,,,,,,,,,,,,,,,BPL,,,,0,2025-05-29_22h28.04.049,part1_part2,2024.2.4,89.59313066317968,2025-05-29 22h28.27.671794 +0200,
,,24,0,24,None,None,,,,,,space,7.37791520007886,None,p,1.9964321000734344,None,,,,,,,,,,,,,,0,0,0,0,,,,,,,,,,,,,24,0,24,0,,,,,378.73820629995316,,,,,,,,,,,,,,,,,,,,,,,,,,,,,,,,,,,,,,,,,,,,,,,378.71752579999156,378.71755770000163,,,,378.7175781999249,378.7175908999052,Read,Raum,Wohnung,1,378.720026499941,378.73820629995316,378.73820629995316,378.73820629995316,378.73820629995316,381.72615539992694,,,,,,,,,,,,,,,,,,,,,,,,,,,,,,,,,,,,,,,,,,,,,,,,,,,,,,,,,,,378.71596339996904,378.7161437999457,None,,,None,381.7262335999403,381.7369691999629,384.7927875999594,384.78188939997926,,,,,,,,,,,,,,,,,,,,,,,BPL,,,,0,2025-05-29_22h28.04.049,part1_part2,2024.2.4,89.59313066317968,2025-05-29 22h28.27.671794 +0200,
,,25,0,25,2,None,1.2098584999330342,0.18538759998045862,,,,space,7.37791520007886,None,p,1.9964321000734344,None,,,,,,,,,,,,,,0,0,0,0,,,,,,,,,,,,,25,0,25,0,,,,,384.7927875999594,,,,,,,,,,,,,,,,,,,,,,,,,,,,,,,,,,,,,,,,,,,,,,,384.78401819989085,387.7820038999198,,,,387.7820703999605,389.82633319997694,Guess,Schuh,Stiefel,1,389.8291953000007,389.8364140999038,389.8364140999038,389.8364140999038,389.8364140999038,392.82660589995794,,384.7927875999594,384.7927875999594,384.7927875999594,384.7927875999594,384.7927875999594,387.7926039999584,387.7926039999584,387.7926039999584,387.7926039999584,387.7926039999584,,,387.7926039999584,389.8364140999038,,,,,,,,,,,,,,,,,,,,,,,,,,,,,,,,,,,,,,,,,,,,384.7821099999128,384.78239909990225,2,1.2098584999330342,0.18538759998045862,None,392.8266864999896,392.8374362998875,394.95926049991976,394.93761389993597,,,,,,,,,,,,,,,,,,,,,,,BPL,,,,0,2025-05-29_22h28.04.049,part1_part2,2024.2.4,89.59313066317968,2025-05-29 22h28.27.671794 +0200,
,,26,0,26,None,None,,,,,,space,7.37791520007886,None,p,1.9964321000734344,None,,,,,,,,,,,,,,0,0,0,0,,,,,,,,,,,,,26,0,26,0,,,,,394.95926049991976,,,,,,,,,,,,,,,,,,,,,,,,,,,,,,,,,,,,,,,,,,,,,,,394.9410633998923,394.9410957999062,,,,394.9411169999512,394.9411301999353,Read,Vergangenheit,Zeit,1,394.9435209999792,394.95926049991976,394.95926049991976,394.95926049991976,394.95926049991976,397.94855879992247,,,,,,,,,,,,,,,,,,,,,,,,,,,,,,,,,,,,,,,,,,,,,,,,,,,,,,,,,,,394.9378396999091,394.9380958999973,None,,,None,397.94862919999287,397.9594700000016,400.0485604999121,400.02697979996447,,,,,,,,,,,,,,,,,,,,,,,BPL,,,,0,2025-05-29_22h28.04.049,part1_part2,2024.2.4,89.59313066317968,2025-05-29 22h28.27.671794 +0200,
,,27,0,27,None,None,,,,,,space,7.37791520007886,None,p,1.9964321000734344,None,,,,,,,,,,,,,,0,0,0,0,,,,,,,,,,,,,27,0,27,0,,,,,400.0485604999121,,,,,,,,,,,,,,,,,,,,,,,,,,,,,,,,,,,,,,,,,,,,,,,400.0291575998999,400.02920150000136,,,,400.0292227999307,400.02923619991634,Read,Postkarte,Nachricht,1,400.03162029990926,400.0485604999121,400.0485604999121,400.0485604999121,400.0485604999121,403.0375242999289,,,,,,,,,,,,,,,,,,,,,,,,,,,,,,,,,,,,,,,,,,,,,,,,,,,,,,,,,,,400.02723469992634,400.0274419999914,None,,,None,403.0376047999598,403.048249799991,406.5923662999412,406.58201069990173,,,,,,,,,,,,,,,,,,,,,,,BPL,,,,0,2025-05-29_22h28.04.049,part1_part2,2024.2.4,89.59313066317968,2025-05-29 22h28.27.671794 +0200,
,,28,0,28,2,None,1.9532194000203162,0.1594712999649346,,,,space,7.37791520007886,None,p,1.9964321000734344,None,,,,,,,,,,,,,,0,0,0,0,,,,,,,,,,,,,28,0,28,0,,,,,406.5923662999412,,,,,,,,,,,,,,,,,,,,,,,,,,,,,,,,,,,,,,,,,,,,,,,406.5840679999674,409.5820293999277,,,,409.58210379991215,413.01516279997304,Guess,Telefon,Nummer,1,413.0181787998881,413.02547639992554,413.02547639992554,413.02547639992554,413.02547639992554,416.01541739993263,,406.5923662999412,406.5923662999412,406.5923662999412,406.5923662999412,406.5923662999412,409.592520999955,409.592520999955,409.592520999955,409.592520999955,409.592520999955,,,409.592520999955,413.02547639992554,416.02586079994217,416.02586079994217,416.02586079994217,416.02586079994217,,,,,,,,,,,,,,,,,,,,,,,,,,,,,,,,,,,,,,,,406.58223079994787,406.5824920999585,2,1.9532194000203162,0.1594712999649346,None,416.01547809992917,416.02586079994217,419.05901579989586,419.04901169997174,,,,,,,,,,,,,,,,,,,,,,,BPL,,,,0,2025-05-29_22h28.04.049,part1_part2,2024.2.4,89.59313066317968,2025-05-29 22h28.27.671794 +0200,
,,29,0,29,2,None,1.695675199967809,0.1740451999939978,,,,space,7.37791520007886,None,p,1.9964321000734344,None,,,,,,,,,,,,,,0,0,0,0,,,,,,,,,,,,,29,0,29,0,,,,,419.05901579989586,,,,,,,,,,,,,,,,,,,,,,,,,,,,,,,,,,,,,,,,,,,,,,,419.0510782999918,422.0487620999338,,,,422.048844999983,424.8933544999454,Guess,Club,Tanz,1,424.89616549992934,424.90349159995094,424.90349159995094,424.90349159995094,424.90349159995094,427.89368019998074,,419.05901579989586,419.05901579989586,419.05901579989586,419.05901579989586,419.05901579989586,422.0592479999177,422.0592479999177,422.0592479999177,422.0592479999177,422.0592479999177,,,422.0592479999177,424.90349159995094,,,,,,,,,,,,,,,,,,,,,,,,,,,,,,,,,,,,,,,,,,,,419.0492438999936,419.04950279998593,2,1.695675199967809,0.1740451999939978,None,427.89374919992406,427.90455749991816,430.22632149991114,430.20425909990445,,,,,,,,,,,,,,,,,,,,,,,BPL,,,,0,2025-05-29_22h28.04.049,part1_part2,2024.2.4,89.59313066317968,2025-05-29 22h28.27.671794 +0200,
,,30,0,30,None,None,,,,,,space,7.37791520007886,None,p,1.9964321000734344,None,,,,,,,,,,,,,,0,0,0,0,,,,,,,,,,,,,30,0,30,0,,,,,430.22632149991114,,,,,,,,,,,,,,,,,,,,,,,,,,,,,,,,,,,,,,,,,,,,,,,430.2064024999272,430.2064356999472,,,,430.20645619998686,430.2064700999763,Read,Shampoo,Seife,1,430.2091027999995,430.22632149991114,430.22632149991114,430.22632149991114,430.22632149991114,433.21507829998154,,,,,,,,,,,,,,,,,,,,,,,,,,,,,,,,,,,,,,,,,,,,,,,,,,,,,,,,,,,430.204517899896,430.20480939990375,None,,,None,433.2151579998899,433.226688799914,435.27017399994656,435.2605505998945,,,,,,,,,,,,,,,,,,,,,,,BPL,,,,0,2025-05-29_22h28.04.049,part1_part2,2024.2.4,89.59313066317968,2025-05-29 22h28.27.671794 +0200,
,,31,0,31,2,None,1.6656105999136344,0.1791413000319153,,,,space,7.37791520007886,None,p,1.9964321000734344,None,,,,,,,,,,,,,,0,0,0,0,,,,,,,,,,,,,31,0,31,0,,,,,435.27017399994656,,,,,,,,,,,,,,,,,,,,,,,,,,,,,,,,,,,,,,,,,,,,,,,435.2629481999902,438.25973649998195,,,,438.25980899995193,441.0150365999434,Guess,Nudeln,Pizza,1,441.01792409992777,441.0259525999427,441.0259525999427,441.0259525999427,441.0259525999427,444.0158383999951,,435.27017399994656,435.27017399994656,435.27017399994656,435.27017399994656,435.27017399994656,438.27072279993445,438.27072279993445,438.27072279993445,438.27072279993445,438.27072279993445,,,438.27072279993445,441.0259525999427,,,,,,,,,,,,,,,,,,,,,,,,,,,,,,,,,,,,,,,,,,,,435.2608335999539,435.2611430999823,2,1.6656105999136344,0.1791413000319153,None,444.0159175998997,444.0267488999525,448.0258309999481,448.01591329998337,,,,,,,,,,,,,,,,,,,,,,,BPL,,,,0,2025-05-29_22h28.04.049,part1_part2,2024.2.4,89.59313066317968,2025-05-29 22h28.27.671794 +0200,
,,32,0,32,2,None,1.7972255001077428,0.1780191999860108,,,,space,7.37791520007886,None,p,1.9964321000734344,None,,,,,,,,,,,,,,0,0,0,0,,,,,,,,,,,,,32,0,32,0,,,,,448.0258309999481,,,,,,,,,,,,,,,,,,,,,,,,,,,,,,,,,,,,,,,,,,,,,,,448.01784519990906,451.01579049997963,,,,451.0158776999451,454.76023089990485,Guess,Agent,Reise,1,454.7634109999053,454.7818876999663,454.7818876999663,454.7818876999663,454.7818876999663,457.7714500000002,,448.0258309999481,448.0258309999481,448.0258309999481,448.0258309999481,448.0258309999481,451.0264218999073,451.0264218999073,451.0264218999073,451.0264218999073,451.0264218999073,,,451.0264218999073,454.7818876999663,,,,,,,,,,,,,,,,,,,,,,,,,,,,,,,,,,,,,,,,,,,,448.0161977999378,448.01641679997556,2,1.7972255001077428,0.1780191999860108,None,457.77152279997244,457.7823590999469,459.9937666999176,459.97107859991957,,,,,,,,,,,,,,,,,,,,,,,BPL,,,,0,2025-05-29_22h28.04.049,part1_part2,2024.2.4,89.59313066317968,2025-05-29 22h28.27.671794 +0200,
,,33,0,33,None,None,,,,,,space,7.37791520007886,None,p,1.9964321000734344,None,,,,,,,,,,,,,,0,0,0,0,,,,,,,,,,,,,33,0,33,0,,,,,459.9937666999176,,,,,,,,,,,,,,,,,,,,,,,,,,,,,,,,,,,,,,,,,,,,,,,459.97336809989065,459.9734010999091,,,,459.97342429996934,459.97343769995496,Read,Geburtstag,Kerzen,1,459.97571969998535,459.9937666999176,459.9937666999176,459.9937666999176,459.9937666999176,462.9825801999541,,,,,,,,,,,,,,,,,,,,,,,,,,,,,,,,,,,,,,,,,,,,,,,,,,,,,,,,,,,459.97126829996705,459.9714394999901,None,,,None,462.98265689995605,462.9934738999,467.4814989999868,467.471719599911,,,,,,,,,,,,,,,,,,,,,,,BPL,,,,0,2025-05-29_22h28.04.049,part1_part2,2024.2.4,89.59313066317968,2025-05-29 22h28.27.671794 +0200,
,,34,0,34,2,None,1.5356233000056818,0.16751140006817877,,,,space,7.37791520007886,None,p,1.9964321000734344,None,,,,,,,,,,,,,,0,0,0,0,,,,,,,,,,,,,34,0,34,0,,,,,467.4814989999868,,,,,,,,,,,,,,,,,,,,,,,,,,,,,,,,,,,,,,,,,,,,,,,467.473835999961,470.47172629996203,,,,470.47181759995874,473.5163343999302,Guess,Hai,Ozean,1,473.5193772999337,473.53844109992497,473.53844109992497,473.53844109992497,473.53844109992497,476.52653739997186,,467.4814989999868,467.4814989999868,467.4814989999868,467.4814989999868,467.4814989999868,470.4821671999525,470.4821671999525,470.4821671999525,470.4821671999525,470.4821671999525,,,470.4821671999525,473.53844109992497,,,,,,,,,,,,,,,,,,,,,,,,,,,,,,,,,,,,,,,,,,,,467.47193369991146,467.47213739994913,2,1.5356233000056818,0.16751140006817877,None,476.5266167999944,476.53750089998357,478.7478540999582,478.7387362999143,,,,,,,,,,,,,,,,,,,,,,,BPL,,,,0,2025-05-29_22h28.04.049,part1_part2,2024.2.4,89.59313066317968,2025-05-29 22h28.27.671794 +0200,
,,35,0,35,2,None,1.372534199967049,0.21506399998907,,,,space,7.37791520007886,None,p,1.9964321000734344,None,,,,,,,,,,,,,,0,0,0,0,,,,,,,,,,,,,35,0,35,0,,,,,478.7478540999582,,,,,,,,,,,,,,,,,,,,,,,,,,,,,,,,,,,,,,,,,,,,,,,478.7405152999563,481.738462899928,,,,481.7385354998987,486.20480579999276,Guess,Rauch,Nebel,1,486.2073833999457,486.2145115999738,486.2145115999738,486.2145115999738,486.2145115999738,489.2048627999611,,478.7478540999582,478.7478540999582,478.7478540999582,478.7478540999582,478.7478540999582,481.748987799976,481.748987799976,481.748987799976,481.748987799976,481.748987799976,,,481.748987799976,486.2145115999738,489.2154092999408,489.2154092999408,489.2154092999408,489.2154092999408,,,,,,,,,,,,,,,,,,,,,,,,,,,,,,,,,,,,,,,,478.73900829989,478.7391685999464,2,1.372534199967049,0.21506399998907,None,489.2049119999865,489.2154092999408,491.3371405999642,491.3270587999141,,,,,,,,,,,,,,,,,,,,,,,BPL,,,,0,2025-05-29_22h28.04.049,part1_part2,2024.2.4,89.59313066317968,2025-05-29 22h28.27.671794 +0200,
,,36,0,36,2,None,1.2962884999578819,0.19804070005193353,,,,space,7.37791520007886,None,p,1.9964321000734344,None,,,,,,,,,,,,,,0,0,0,0,,,,,,,,,,,,,36,0,36,0,,,,,491.3371405999642,,,,,,,,,,,,,,,,,,,,,,,,,,,,,,,,,,,,,,,,,,,,,,,491.3289267999353,494.32716659992,,,,494.3272395998938,497.0272495999234,Guess,Garten,Zwerg,1,497.0304152999306,497.03744839993306,497.03744839993306,497.03744839993306,497.03744839993306,500.027744299965,,491.3371405999642,491.3371405999642,491.3371405999642,491.3371405999642,491.3371405999642,494.3377736998955,494.3377736998955,494.3377736998955,494.3377736998955,494.3377736998955,,,494.3377736998955,497.03744839993306,500.03822180000134,500.03822180000134,500.03822180000134,500.03822180000134,,,,,,,,,,,,,,,,,,,,,,,,,,,,,,,,,,,,,,,,491.32731549988966,491.3274938999675,2,1.2962884999578819,0.19804070005193353,None,500.02781079988927,500.03822180000134,502.2373650999507,502.22700859990437,,,,,,,,,,,,,,,,,,,,,,,BPL,,,,0,2025-05-29_22h28.04.049,part1_part2,2024.2.4,89.59313066317968,2025-05-29 22h28.27.671794 +0200,
,,37,0,37,None,None,,,,,,space,7.37791520007886,None,p,1.9964321000734344,None,,,,,,,,,,,,,,0,0,0,0,,,,,,,,,,,,,37,0,37,0,,,,,502.2373650999507,,,,,,,,,,,,,,,,,,,,,,,,,,,,,,,,,,,,,,,,,,,,,,,502.2288281999063,502.22886059992015,,,,502.22888049995527,502.2288943999447,Read,Zug,Bus,1,502.23059559997637,502.2373650999507,502.2373650999507,502.2373650999507,502.2373650999507,505.2270674998872,,,,,,,,,,,,,,,,505.23879779991694,505.23879779991694,505.23879779991694,505.23879779991694,,,,,,,,,,,,,,,,,,,,,,,,,,,,,,,,,,,,,,,,502.2273273000028,502.22753849998116,None,,,None,505.22713309992105,505.23879779991694,508.07087399996817,508.0490190999117,,,,,,,,,,,,,,,,,,,,,,,BPL,,,,0,2025-05-29_22h28.04.049,part1_part2,2024.2.4,89.59313066317968,2025-05-29 22h28.27.671794 +0200,
,,38,0,38,None,None,,,,,,space,7.37791520007886,None,p,1.9964321000734344,None,,,,,,,,,,,,,,0,0,0,0,,,,,,,,,,,,,38,0,38,0,,,,,508.07087399996817,,,,,,,,,,,,,,,,,,,,,,,,,,,,,,,,,,,,,,,,,,,,,,,508.05106029997114,508.0510909999721,,,,508.0511125999037,508.05112569988705,Read,Radio,Sendung,1,508.0536983999191,508.07087399996817,508.07087399996817,508.07087399996817,508.07087399996817,511.06083879992366,,,,,,,,,,,,,,,,,,,,,,,,,,,,,,,,,,,,,,,,,,,,,,,,,,,,,,,,,,,508.0492673999397,508.04956689989194,None,,,None,511.06094899994787,511.0716507999459,513.6152488999069,513.6052215999225,,,,,,,,,,,,,,,,,,,,,,,BPL,,,,0,2025-05-29_22h28.04.049,part1_part2,2024.2.4,89.59313066317968,2025-05-29 22h28.27.671794 +0200,
,,39,0,39,2,None,1.2460252000018954,0.22553649998735636,,,,space,7.37791520007886,None,p,1.9964321000734344,None,,,,,,,,,,,,,,0,0,0,0,,,,,,,,,,,,,39,0,39,0,,,,,513.6152488999069,,,,,,,,,,,,,,,,,,,,,,,,,,,,,,,,,,,,,,,,,,,,,,,513.6071852999739,516.6051892999094,,,,516.6052838999312,519.4835138999624,Guess,Ostern,Ferien,1,519.4865358999232,519.505471499986,519.505471499986,519.505471499986,519.505471499986,522.4941619999008,,513.6152488999069,513.6152488999069,513.6152488999069,513.6152488999069,513.6152488999069,516.6155606999528,516.6155606999528,516.6155606999528,516.6155606999528,516.6155606999528,,,516.6155606999528,519.505471499986,,,,,,,,,,,,,,,,,,,,,,,,,,,,,,,,,,,,,,,,,,,,513.6054866999621,513.6056569999782,2,1.2460252000018954,0.22553649998735636,None,522.4942295999499,522.5050010998966,525.1158784999279,525.0944766999455,,,,,,,,,,,,,,,,,,,,,,,BPL,,,,0,2025-05-29_22h28.04.049,part1_part2,2024.2.4,89.59313066317968,2025-05-29 22h28.27.671794 +0200,
,,0,0,0,2,None,2.2619905999163166,0.2121852000709623,Guess,3.4237,3.2936,space,1.9684589999960735,None,p,1.436328300042078,None,,,,,,,,,,,,,,1,0,1,0,0,39,39,21,0,39,39,4,0,19,19,11,0,0,0,0,,,,,561.7156101999572,,,,,,,,,,,,,,,,,,,,,,,,,,,,,,,,,,,,,,,,,,,,,,,561.7076063998975,564.7057072999887,,,,564.7057856998872,567.9946553999325,Guess,Statue,Monument,2,567.9975910999347,568.0045847999863,568.0045847999863,568.0045847999863,568.0045847999863,570.9945896998979,,561.7156101999572,561.7156101999572,561.7156101999572,561.7156101999572,561.7156101999572,564.7161526998971,564.7161526998971,564.7161526998971,564.7161526998971,564.7161526998971,,,564.7161526998971,568.0045847999863,571.0050842999481,571.0050842999481,571.0050842999481,571.0050842999481,,,,,,,,,,,,,546.2415256999666,546.2416604999453,546.2540338999825,546.2541692999657,546.2625248999102,546.2626618999057,546.2637081999565,546.2711361999391,546.2711361999391,548.2502977999393,space,1.9684589999960735,None,548.2503541999031,548.2607523999177,548.2607523999177,549.7055003999267,p,1.436328300042078,None,549.7074446999468,549.7157090998953,549.7211636666364,550.9392387999687,559.7105427665558,560.7156247999519,561.7054628999904,561.7059497999726,561.7061106999172,2,2.2619905999163166,0.2121852000709623,None,570.9946536999196,571.0050842999481,574.4267743999371,574.4170877999859,537.1051182999508,537.1162543999963,537.1162543999963,546.2280777998967,space,9.10397880000528,None,561.7156101999572,,,,,,,,,,,,,,,BPL,,,,0,2025-05-29_22h28.04.049,part1_part2,2024.2.4,89.59313066317968,2025-05-29 22h28.27.671794 +0200,
,,1,0,1,2,None,1.165617399965413,0.1536919999634847,,,,space,1.9684589999960735,None,p,1.436328300042078,None,,,,,,,,,,,,,,1,0,1,0,,,,,,,,,,,,,1,0,1,0,,,,,574.4267743999371,,,,,,,,,,,,,,,,,,,,,,,,,,,,,,,,,,,,,,,,,,,,,,,574.419110299903,577.416889199987,,,,577.4169627999654,581.7503829998896,Guess,Tanne,Hütte,2,581.754468799918,581.7724235999631,581.7724235999631,581.7724235999631,581.7724235999631,584.7607581999619,,574.4267743999371,574.4267743999371,574.4267743999371,574.4267743999371,574.4267743999371,577.4274684999837,577.4274684999837,577.4274684999837,577.4274684999837,577.4274684999837,,,577.4274684999837,581.7724235999631,,,,,,,,,,,,,,,,,,,,,,,,,,,,,,,,,,,,,,,,,,,,574.4173625999829,574.4175658999011,2,1.165617399965413,0.1536919999634847,None,584.7608257998945,584.7718000999885,588.3159627999412,588.3056073999032,,,,,,,,,,,,,,,,,,,,,,,BPL,,,,0,2025-05-29_22h28.04.049,part1_part2,2024.2.4,89.59313066317968,2025-05-29 22h28.27.671794 +0200,
,,2,0,2,2,None,2.289590199943632,0.2008668000344187,,,,space,1.9684589999960735,None,p,1.436328300042078,None,,,,,,,,,,,,,,1,0,1,0,,,,,,,,,,,,,2,0,2,0,,,,,588.3159627999412,,,,,,,,,,,,,,,,,,,,,,,,,,,,,,,,,,,,,,,,,,,,,,,588.3078807999846,591.3060521999141,,,,591.3061510999687,594.061460500001,Guess,Schnorchel,Maske,2,594.0642222999595,594.0715991999023,594.0715991999023,594.0715991999023,594.0715991999023,597.0615571999224,,588.3159627999412,588.3159627999412,588.3159627999412,588.3159627999412,588.3159627999412,591.3164286999963,591.3164286999963,591.3164286999963,591.3164286999963,591.3164286999963,,,591.3164286999963,594.0715991999023,597.0719068999169,597.0719068999169,597.0719068999169,597.0719068999169,,,,,,,,,,,,,,,,,,,,,,,,,,,,,,,,,,,,,,,,588.3058703999268,588.3061821999727,2,2.289590199943632,0.2008668000344187,None,597.0616219999501,597.0719068999169,599.2493942999281,599.2393645999255,,,,,,,,,,,,,,,,,,,,,,,BPL,,,,0,2025-05-29_22h28.04.049,part1_part2,2024.2.4,89.59313066317968,2025-05-29 22h28.27.671794 +0200,
,,3,0,3,2,None,0.8087682999903336,0.22755940002389252,,,,space,1.9684589999960735,None,p,1.436328300042078,None,,,,,,,,,,,,,,1,0,1,0,,,,,,,,,,,,,3,0,3,0,,,,,599.2493942999281,,,,,,,,,,,,,,,,,,,,,,,,,,,,,,,,,,,,,,,,,,,,,,,599.2413706999505,602.2392258999171,,,,602.2393136998871,605.98419499991,Guess,Keller,Flut,2,606.0637431999203,606.0717587999534,606.0717587999534,606.0717587999534,606.0717587999534,608.9948550999397,,599.2493942999281,599.2493942999281,599.2493942999281,599.2493942999281,599.2493942999281,602.2496916999808,602.2496916999808,602.2496916999808,602.2496916999808,602.2496916999808,,,602.2496916999808,606.0717587999534,,,,,,,,,,,,,,,,,,,,,,,,,,,,,,,,,,,,,,,,,,,,599.2396199998911,599.2398099999409,2,0.8087682999903336,0.22755940002389252,None,608.994936699979,609.0057963998988,611.6170107999351,611.5952801998938,,,,,,,,,,,,,,,,,,,,,,,BPL,,,,0,2025-05-29_22h28.04.049,part1_part2,2024.2.4,89.59313066317968,2025-05-29 22h28.27.671794 +0200,
,,4,0,4,None,None,,,,,,space,1.9684589999960735,None,p,1.436328300042078,None,,,,,,,,,,,,,,1,0,1,0,,,,,,,,,,,,,4,0,4,0,,,,,611.6170107999351,,,,,,,,,,,,,,,,,,,,,,,,,,,,,,,,,,,,,,,,,,,,,,,611.597032599966,611.5970663999906,,,,611.5970878999215,611.5971021999139,Read,Bad,Dusche,2,611.5991587999742,611.6170107999351,611.6170107999351,611.6170107999351,611.6170107999351,614.6056527999463,,,,,,,,,,,,,,,,,,,,,,,,,,,,,,,,,,,,,,,,,,,,,,,,,,,,,,,,,,,611.5955475999508,611.5957108999137,None,,,None,614.6057202999946,614.6166540998966,617.4383375999751,617.4286193998996,,,,,,,,,,,,,,,,,,,,,,,BPL,,,,0,2025-05-29_22h28.04.049,part1_part2,2024.2.4,89.59313066317968,2025-05-29 22h28.27.671794 +0200,
,,5,0,5,2,None,1.6791643000906333,0.2983251999830827,,,,space,1.9684589999960735,None,p,1.436328300042078,None,,,,,,,,,,,,,,1,0,1,0,,,,,,,,,,,,,5,0,5,0,,,,,617.4383375999751,,,,,,,,,,,,,,,,,,,,,,,,,,,,,,,,,,,,,,,,,,,,,,,617.4312133999774,620.4285198999569,,,,620.4286047999049,623.2723714999156,Guess,Tradition,Erbe,2,623.2751320999814,623.2824380999664,623.2824380999664,623.2824380999664,623.2824380999664,626.2722785999067,,617.4383375999751,617.4383375999751,617.4383375999751,617.4383375999751,617.4383375999751,620.4387919999426,620.4387919999426,620.4387919999426,620.4387919999426,620.4387919999426,,,620.4387919999426,623.2824380999664,626.2828255998902,626.2828255998902,626.2828255998902,626.2828255998902,,,,,,,,,,,,,,,,,,,,,,,,,,,,,,,,,,,,,,,,617.428872999968,617.4290614998899,2,1.6791643000906333,0.2983251999830827,None,626.2723321999656,626.2828255998902,630.738416899927,630.7283999999054,,,,,,,,,,,,,,,,,,,,,,,BPL,,,,0,2025-05-29_22h28.04.049,part1_part2,2024.2.4,89.59313066317968,2025-05-29 22h28.27.671794 +0200,
,,6,0,6,2,None,1.7504733999958262,0.22143779997713864,,,,space,1.9684589999960735,None,p,1.436328300042078,None,,,,,,,,,,,,,,1,0,1,0,,,,,,,,,,,,,6,0,6,0,,,,,630.738416899927,,,,,,,,,,,,,,,,,,,,,,,,,,,,,,,,,,,,,,,,,,,,,,,630.7304552999558,633.7281189999776,,,,633.7281882999232,637.2731965999119,Guess,Schule,Bücher,2,637.2769621999469,637.2948368999641,637.2948368999641,637.2948368999641,637.2948368999641,640.2834595999448,,630.738416899927,630.738416899927,630.738416899927,630.738416899927,630.738416899927,633.7387270999607,633.7387270999607,633.7387270999607,633.7387270999607,633.7387270999607,,,633.7387270999607,637.2948368999641,,,,,,,,,,,,,,,,,,,,,,,,,,,,,,,,,,,,,,,,,,,,630.7286544999806,630.7288516999688,2,1.7504733999958262,0.22143779997713864,None,640.2835287998896,640.2944177999161,642.6170758999651,642.5958082999568,,,,,,,,,,,,,,,,,,,,,,,BPL,,,,0,2025-05-29_22h28.04.049,part1_part2,2024.2.4,89.59313066317968,2025-05-29 22h28.27.671794 +0200,
,,7,0,7,None,None,,,,,,space,1.9684589999960735,None,p,1.436328300042078,None,,,,,,,,,,,,,,1,0,1,0,,,,,,,,,,,,,7,0,7,0,,,,,642.6170758999651,,,,,,,,,,,,,,,,,,,,,,,,,,,,,,,,,,,,,,,,,,,,,,,642.597884299932,642.597936599981,,,,642.5979593999218,642.597973799915,Read,Rebe,Herbst,2,642.6001853999915,642.6170758999651,642.6170758999651,642.6170758999651,642.6170758999651,645.6057447999483,,,,,,,,,,,,,,,,,,,,,,,,,,,,,,,,,,,,,,,,,,,,,,,,,,,,,,,,,,,642.5960507999407,642.5963376999134,None,,,None,645.605815299903,645.6168058998883,648.8951194999972,648.8733230999205,,,,,,,,,,,,,,,,,,,,,,,BPL,,,,0,2025-05-29_22h28.04.049,part1_part2,2024.2.4,89.59313066317968,2025-05-29 22h28.27.671794 +0200,
,,8,0,8,None,None,,,,,,space,1.9684589999960735,None,p,1.436328300042078,None,,,,,,,,,,,,,,1,0,1,0,,,,,,,,,,,,,8,0,8,0,,,,,648.8951194999972,,,,,,,,,,,,,,,,,,,,,,,,,,,,,,,,,,,,,,,,,,,,,,,648.8753931999672,648.8754225999583,,,,648.8754588000011,648.8754731999943,Read,Vulkan,Asche,2,648.8779979998944,648.8951194999972,648.8951194999972,648.8951194999972,648.8951194999972,651.8834128999151,,,,,,,,,,,,,,,,,,,,,,,,,,,,,,,,,,,,,,,,,,,,,,,,,,,,,,,,,,,648.8735237999354,648.8737307999982,None,,,None,651.8834848999977,651.8944827999221,654.1065788998967,654.0844959999667,,,,,,,,,,,,,,,,,,,,,,,BPL,,,,0,2025-05-29_22h28.04.049,part1_part2,2024.2.4,89.59313066317968,2025-05-29 22h28.27.671794 +0200,
,,9,0,9,None,None,,,,,,space,1.9684589999960735,None,p,1.436328300042078,None,,,,,,,,,,,,,,1,0,1,0,,,,,,,,,,,,,9,0,9,0,,,,,654.1065788998967,,,,,,,,,,,,,,,,,,,,,,,,,,,,,,,,,,,,,,,,,,,,,,,654.0863163999747,654.0863467999734,,,,654.0863670998951,654.0863803999964,Read,Helm,Kappe,2,654.0882681999356,654.1065788998967,654.1065788998967,654.1065788998967,654.1065788998967,657.094926299993,,,,,,,,,,,,,,,,,,,,,,,,,,,,,,,,,,,,,,,,,,,,,,,,,,,,,,,,,,,654.0847447999986,654.0849905998912,None,,,None,657.0949972999515,657.1059492999921,659.7727052998962,659.7617437998997,,,,,,,,,,,,,,,,,,,,,,,BPL,,,,0,2025-05-29_22h28.04.049,part1_part2,2024.2.4,89.59313066317968,2025-05-29 22h28.27.671794 +0200,
,,10,0,10,2,None,1.2872494000475854,0.2594919999828562,,,,space,1.9684589999960735,None,p,1.436328300042078,None,,,,,,,,,,,,,,1,0,1,0,,,,,,,,,,,,,10,0,10,0,,,,,659.7727052998962,,,,,,,,,,,,,,,,,,,,,,,,,,,,,,,,,,,,,,,,,,,,,,,659.7638201999944,662.7624886999838,,,,662.7625721999211,664.9063657999504,Guess,Schulter,Schmerz,2,664.9097805999918,664.9165019999491,664.9165019999491,664.9165019999491,664.9165019999491,667.9065589999082,,659.7727052998962,659.7727052998962,659.7727052998962,659.7727052998962,659.7727052998962,662.7728609999176,662.7728609999176,662.7728609999176,662.7728609999176,662.7728609999176,,,662.7728609999176,664.9165019999491,667.9169599999441,667.9169599999441,667.9169599999441,667.9169599999441,,,,,,,,,,,,,,,,,,,,,,,,,,,,,,,,,,,,,,,,659.7620058999164,659.7621814999729,2,1.2872494000475854,0.2594919999828562,None,667.9066207999131,667.9169599999441,670.5281416999642,670.5064573999261,,,,,,,,,,,,,,,,,,,,,,,BPL,,,,0,2025-05-29_22h28.04.049,part1_part2,2024.2.4,89.59313066317968,2025-05-29 22h28.27.671794 +0200,
,,11,0,11,None,None,,,,,,space,1.9684589999960735,None,p,1.436328300042078,None,,,,,,,,,,,,,,1,0,1,0,,,,,,,,,,,,,11,0,11,0,,,,,670.5281416999642,,,,,,,,,,,,,,,,,,,,,,,,,,,,,,,,,,,,,,,,,,,,,,,670.5088192999829,670.5088536998956,,,,670.508876399952,670.5088899999391,Read,Journalistin,Brille,2,670.5112459999509,670.5281416999642,670.5281416999642,670.5281416999642,670.5281416999642,673.517097099917,,,,,,,,,,,,,,,,,,,,,,,,,,,,,,,,,,,,,,,,,,,,,,,,,,,,,,,,,,,670.5067195999436,670.506918399944,None,,,None,673.5171645999653,673.5287412999896,678.4170883999905,678.3952059999574,,,,,,,,,,,,,,,,,,,,,,,BPL,,,,0,2025-05-29_22h28.04.049,part1_part2,2024.2.4,89.59313066317968,2025-05-29 22h28.27.671794 +0200,
,,12,0,12,None,None,,,,,,space,1.9684589999960735,None,p,1.436328300042078,None,,,,,,,,,,,,,,1,0,1,0,,,,,,,,,,,,,12,0,12,0,,,,,678.4170883999905,,,,,,,,,,,,,,,,,,,,,,,,,,,,,,,,,,,,,,,,,,,,,,,678.3974936999148,678.397524699918,,,,678.3975455999607,678.397558699944,Read,Zeichnung,Farbe,2,678.4002519999631,678.4170883999905,678.4170883999905,678.4170883999905,678.4170883999905,681.4062342999969,,,,,,,,,,,,,,,,,,,,,,,,,,,,,,,,,,,,,,,,,,,,,,,,,,,,,,,,,,,678.3954328999389,678.3956787999487,None,,,None,681.4063132998999,681.4172123000026,685.9178587999195,685.895485999994,,,,,,,,,,,,,,,,,,,,,,,BPL,,,,0,2025-05-29_22h28.04.049,part1_part2,2024.2.4,89.59313066317968,2025-05-29 22h28.27.671794 +0200,
,,13,0,13,None,None,,,,,,space,1.9684589999960735,None,p,1.436328300042078,None,,,,,,,,,,,,,,1,0,1,0,,,,,,,,,,,,,13,0,13,0,,,,,685.9178587999195,,,,,,,,,,,,,,,,,,,,,,,,,,,,,,,,,,,,,,,,,,,,,,,685.8973567999201,685.8973885999294,,,,685.8974095999729,685.8974229999585,Read,Ziege,Bart,2,685.8992344998987,685.9178587999195,685.9178587999195,685.9178587999195,685.9178587999195,688.9067099998938,,,,,,,,,,,,,,,,,,,,,,,,,,,,,,,,,,,,,,,,,,,,,,,,,,,,,,,,,,,685.89573009999,685.8959288999904,None,,,None,688.9067786999512,688.9176031999523,690.9952989999438,690.9842372999992,,,,,,,,,,,,,,,,,,,,,,,BPL,,,,0,2025-05-29_22h28.04.049,part1_part2,2024.2.4,89.59313066317968,2025-05-29 22h28.27.671794 +0200,
,,14,0,14,2,None,1.4807112000416964,0.16838259994983673,,,,space,1.9684589999960735,None,p,1.436328300042078,None,,,,,,,,,,,,,,1,0,1,0,,,,,,,,,,,,,14,0,14,0,,,,,690.9952989999438,,,,,,,,,,,,,,,,,,,,,,,,,,,,,,,,,,,,,,,,,,,,,,,690.9859812998911,693.9851506999694,,,,693.9852486999007,696.5062704999,Guess,Tee,Blätter,2,696.5092472999822,696.5164279999444,696.5164279999444,696.5164279999444,696.5164279999444,699.5064226998948,,690.9952989999438,690.9952989999438,690.9952989999438,690.9952989999438,690.9952989999438,693.9953336999752,693.9953336999752,693.9953336999752,693.9953336999752,693.9953336999752,,,693.9953336999752,696.5164279999444,,,,,,,,,,,,,,,,,,,,,,,,,,,,,,,,,,,,,,,,,,,,690.984487199923,690.9846630999818,2,1.4807112000416964,0.16838259994983673,None,699.5064907999476,699.5172796999104,702.0172808999196,701.9955781999743,,,,,,,,,,,,,,,,,,,,,,,BPL,,,,0,2025-05-29_22h28.04.049,part1_part2,2024.2.4,89.59313066317968,2025-05-29 22h28.27.671794 +0200,
,,15,0,15,None,None,,,,,,space,1.9684589999960735,None,p,1.436328300042078,None,,,,,,,,,,,,,,1,0,1,0,,,,,,,,,,,,,15,0,15,0,,,,,702.0172808999196,,,,,,,,,,,,,,,,,,,,,,,,,,,,,,,,,,,,,,,,,,,,,,,701.9982766999165,701.9983105999418,,,,701.9983337000012,701.9983466999838,Read,Teleskop,Himmel,2,702.0005258999299,702.0172808999196,702.0172808999196,702.0172808999196,702.0172808999196,705.0069203999592,,,,,,,,,,,,,,,,,,,,,,,,,,,,,,,,,,,,,,,,,,,,,,,,,,,,,,,,,,,701.9958371999674,701.9959869999439,None,,,None,705.0069871000014,705.0178170999279,707.2505066999001,707.2401715999003,,,,,,,,,,,,,,,,,,,,,,,BPL,,,,0,2025-05-29_22h28.04.049,part1_part2,2024.2.4,89.59313066317968,2025-05-29 22h28.27.671794 +0200,
,,16,0,16,2,None,1.129301300039515,0.24076409998815507,,,,space,1.9684589999960735,None,p,1.436328300042078,None,,,,,,,,,,,,,,1,0,1,0,,,,,,,,,,,,,16,0,16,0,,,,,707.2505066999001,,,,,,,,,,,,,,,,,,,,,,,,,,,,,,,,,,,,,,,,,,,,,,,707.2423085999908,710.2405319999671,,,,710.2406163999112,713.673064099974,Guess,Kante,Klinge,2,713.6757515999489,713.684262799914,713.684262799914,713.684262799914,713.684262799914,716.6735844999785,,707.2505066999001,707.2505066999001,707.2505066999001,707.2505066999001,707.2505066999001,710.2509400999406,710.2509400999406,710.2509400999406,710.2509400999406,710.2509400999406,,,710.2509400999406,713.684262799914,,,,,,,,,,,,,,,,,,,,,,,,,,,,,,,,,,,,,,,,,,,,707.2404379999498,707.2407654999988,2,1.129301300039515,0.24076409998815507,None,716.6736425999552,716.6845649000024,718.7393240999663,718.7178799998946,,,,,,,,,,,,,,,,,,,,,,,BPL,,,,0,2025-05-29_22h28.04.049,part1_part2,2024.2.4,89.59313066317968,2025-05-29 22h28.27.671794 +0200,
,,17,0,17,None,None,,,,,,space,1.9684589999960735,None,p,1.436328300042078,None,,,,,,,,,,,,,,1,0,1,0,,,,,,,,,,,,,17,0,17,0,,,,,718.7393240999663,,,,,,,,,,,,,,,,,,,,,,,,,,,,,,,,,,,,,,,,,,,,,,,718.720009499928,718.7200439999579,,,,718.7200666998979,718.7200804000022,Read,Spinne,Beine,2,718.7225751999067,718.7393240999663,718.7393240999663,718.7393240999663,718.7393240999663,721.728593399981,,,,,,,,,,,,,,,,,,,,,,,,,,,,,,,,,,,,,,,,,,,,,,,,,,,,,,,,,,,718.7181653999723,718.7183773999568,None,,,None,721.7286618999206,721.740246100002,724.2726766999112,724.2629462999757,,,,,,,,,,,,,,,,,,,,,,,BPL,,,,0,2025-05-29_22h28.04.049,part1_part2,2024.2.4,89.59313066317968,2025-05-29 22h28.27.671794 +0200,
,,18,0,18,2,None,0.7476269999751821,0.2678006000351161,,,,space,1.9684589999960735,None,p,1.436328300042078,None,,,,,,,,,,,,,,1,0,1,0,,,,,,,,,,,,,18,0,18,0,,,,,724.2726766999112,,,,,,,,,,,,,,,,,,,,,,,,,,,,,,,,,,,,,,,,,,,,,,,724.2653586999513,727.262473699986,,,,727.2625546999043,730.1401298999554,Guess,Finger,Puppe,2,730.1429733999539,730.150364000001,730.150364000001,730.150364000001,730.150364000001,733.1405107999453,,724.2726766999112,724.2726766999112,724.2726766999112,724.2726766999112,724.2726766999112,727.2729887999594,727.2729887999594,727.2729887999594,727.2729887999594,727.2729887999594,,,727.2729887999594,730.150364000001,,,,,,,,,,,,,,,,,,,,,,,,,,,,,,,,,,,,,,,,,,,,724.2632057999726,724.2635264999699,2,0.7476269999751821,0.2678006000351161,None,733.140588899958,733.1514824999031,736.2184143998893,736.1959104998969,,,,,,,,,,,,,,,,,,,,,,,BPL,,,,0,2025-05-29_22h28.04.049,part1_part2,2024.2.4,89.59313066317968,2025-05-29 22h28.27.671794 +0200,
,,19,0,19,None,None,,,,,,space,1.9684589999960735,None,p,1.436328300042078,None,,,,,,,,,,,,,,1,0,1,0,,,,,,,,,,,,,19,0,19,0,,,,,736.2184143998893,,,,,,,,,,,,,,,,,,,,,,,,,,,,,,,,,,,,,,,,,,,,,,,736.1984085999429,736.1984410999576,,,,736.1984620000003,736.1984756999882,Read,Akrobatin,Fliegen,2,736.2008194999071,736.2184143998893,736.2184143998893,736.2184143998893,736.2184143998893,739.2071276999777,,,,,,,,,,,,,,,,,,,,,,,,,,,,,,,,,,,,,,,,,,,,,,,,,,,,,,,,,,,736.1961748999311,736.1963418999221,None,,,None,739.2071774998913,739.2181529999943,742.9189520999789,742.8962668000022,,,,,,,,,,,,,,,,,,,,,,,BPL,,,,0,2025-05-29_22h28.04.049,part1_part2,2024.2.4,89.59313066317968,2025-05-29 22h28.27.671794 +0200,
,,20,0,20,2,None,1.9364876999752596,0.23121009999886155,,,,space,1.9684589999960735,None,p,1.436328300042078,None,,,,,,,,,,,,,,1,0,1,0,,,,,,,,,,,,,20,0,20,0,,,,,742.9189520999789,,,,,,,,,,,,,,,,,,,,,,,,,,,,,,,,,,,,,,,,,,,,,,,742.8985593999969,745.9070412999718,,,,745.9071256999159,748.6180675999494,Guess,Anführer,Team,2,748.6210003999295,748.6282250999939,748.6282250999939,748.6282250999939,748.6282250999939,751.6180141998921,,742.9189520999789,742.9189520999789,742.9189520999789,742.9189520999789,742.9189520999789,745.9180709999055,745.9180709999055,745.9180709999055,745.9180709999055,745.9180709999055,,,745.9180709999055,748.6282250999939,751.6285831999267,751.6285831999267,751.6285831999267,751.6285831999267,,,,,,,,,,,,,,,,,,,,,,,,,,,,,,,,,,,,,,,,742.896488099941,742.8967340999516,2,1.9364876999752596,0.23121009999886155,None,751.6180819999427,751.6285831999267,753.8394213999854,753.8299665999366,,,,,,,,,,,,,,,,,,,,,,,BPL,,,,0,2025-05-29_22h28.04.049,part1_part2,2024.2.4,89.59313066317968,2025-05-29 22h28.27.671794 +0200,
,,21,0,21,2,None,1.6051356999669224,0.28794970002491027,,,,space,1.9684589999960735,None,p,1.436328300042078,None,,,,,,,,,,,,,,1,0,1,0,,,,,,,,,,,,,21,0,21,0,,,,,753.8394213999854,,,,,,,,,,,,,,,,,,,,,,,,,,,,,,,,,,,,,,,,,,,,,,,753.832396099926,756.8294373999815,,,,756.8295061999233,759.0184538998874,Guess,Golf,Schwung,2,759.021241499926,759.0406847998966,759.0406847998966,759.0406847998966,759.0406847998966,762.0294405999593,,753.8394213999854,753.8394213999854,753.8394213999854,753.8394213999854,753.8394213999854,756.8398987998953,756.8398987998953,756.8398987998953,756.8398987998953,756.8398987998953,,,756.8398987998953,759.0406847998966,,,,,,,,,,,,,,,,,,,,,,,,,,,,,,,,,,,,,,,,,,,,753.8301870999858,753.8304054999026,2,1.6051356999669224,0.28794970002491027,None,762.0295073000016,762.0403735999716,765.4851689999923,765.4626652000006,,,,,,,,,,,,,,,,,,,,,,,BPL,,,,0,2025-05-29_22h28.04.049,part1_part2,2024.2.4,89.59313066317968,2025-05-29 22h28.27.671794 +0200,
,,22,0,22,None,None,,,,,,space,1.9684589999960735,None,p,1.436328300042078,None,,,,,,,,,,,,,,1,0,1,0,,,,,,,,,,,,,22,0,22,0,,,,,765.4851689999923,,,,,,,,,,,,,,,,,,,,,,,,,,,,,,,,,,,,,,,,,,,,,,,765.4644533999963,765.4644885999151,,,,765.4645117999753,765.464525599964,Read,Rasen,Pflege,2,765.4667213999201,765.4851689999923,765.4851689999923,765.4851689999923,765.4851689999923,768.4738232999807,,,,,,,,,,,,,,,,,,,,,,,,,,,,,,,,,,,,,,,,,,,,,,,,,,,,,,,,,,,765.4629014999373,765.4630575999618,None,,,None,768.4738783999346,768.4849057999672,771.8062739999732,771.7958329999819,,,,,,,,,,,,,,,,,,,,,,,BPL,,,,0,2025-05-29_22h28.04.049,part1_part2,2024.2.4,89.59313066317968,2025-05-29 22h28.27.671794 +0200,
,,23,0,23,2,None,1.3151557999663055,0.2851887000724673,,,,space,1.9684589999960735,None,p,1.436328300042078,None,,,,,,,,,,,,,,1,0,1,0,,,,,,,,,,,,,23,0,23,0,,,,,771.8062739999732,,,,,,,,,,,,,,,,,,,,,,,,,,,,,,,,,,,,,,,,,,,,,,,771.7986267999513,774.7965406998992,,,,774.7966235999484,779.5295606999425,Guess,Geschwister,Eltern,2,779.5326564999996,779.551488099969,779.551488099969,779.551488099969,779.551488099969,782.5403258999577,,771.8062739999732,771.8062739999732,771.8062739999732,771.8062739999732,771.8062739999732,774.8070559999906,774.8070559999906,774.8070559999906,774.8070559999906,774.8070559999906,,,774.8070559999906,779.551488099969,,,,,,,,,,,,,,,,,,,,,,,,,,,,,,,,,,,,,,,,,,,,771.7960309999762,771.7962158999871,2,1.3151557999663055,0.2851887000724673,None,782.5404039999703,782.5512145999819,785.0630751999561,785.0407350999303,,,,,,,,,,,,,,,,,,,,,,,BPL,,,,0,2025-05-29_22h28.04.049,part1_part2,2024.2.4,89.59313066317968,2025-05-29 22h28.27.671794 +0200,
,,24,0,24,None,None,,,,,,space,1.9684589999960735,None,p,1.436328300042078,None,,,,,,,,,,,,,,1,0,1,0,,,,,,,,,,,,,24,0,24,0,,,,,785.0630751999561,,,,,,,,,,,,,,,,,,,,,,,,,,,,,,,,,,,,,,,,,,,,,,,785.0428783999523,785.0429109999677,,,,785.0429324998986,785.0429459000006,Read,Winter,Weiß,2,785.0465651999693,785.0630751999561,785.0630751999561,785.0630751999561,785.0630751999561,788.0518024999183,,,,,,,,,,,,,,,,,,,,,,,,,,,,,,,,,,,,,,,,,,,,,,,,,,,,,,,,,,,785.0410180999897,785.0413090999937,None,,,None,788.0518724999856,788.0628639999777,790.1730011999607,790.1634032999864,,,,,,,,,,,,,,,,,,,,,,,BPL,,,,0,2025-05-29_22h28.04.049,part1_part2,2024.2.4,89.59313066317968,2025-05-29 22h28.27.671794 +0200,
,,25,0,25,2,None,1.1226168000139296,0.25199890008661896,,,,space,1.9684589999960735,None,p,1.436328300042078,None,,,,,,,,,,,,,,1,0,1,0,,,,,,,,,,,,,25,0,25,0,,,,,790.1730011999607,,,,,,,,,,,,,,,,,,,,,,,,,,,,,,,,,,,,,,,,,,,,,,,790.1661857999861,793.1633593000006,,,,793.163450299995,795.3856120998971,Guess,Professor,Student,2,795.3888325999724,795.407298999955,795.407298999955,795.407298999955,795.407298999955,798.396148199914,,790.1730011999607,790.1730011999607,790.1730011999607,790.1730011999607,790.1730011999607,793.1737722998951,793.1737722998951,793.1737722998951,793.1737722998951,793.1737722998951,,,793.1737722998951,795.407298999955,,,,,,,,,,,,,,,,,,,,,,,,,,,,,,,,,,,,,,,,,,,,790.163680999889,790.1638814999023,2,1.1226168000139296,0.25199890008661896,None,798.3962208000012,798.4070904999971,804.1069941999158,804.0856557999505,,,,,,,,,,,,,,,,,,,,,,,BPL,,,,0,2025-05-29_22h28.04.049,part1_part2,2024.2.4,89.59313066317968,2025-05-29 22h28.27.671794 +0200,
,,26,0,26,None,None,,,,,,space,1.9684589999960735,None,p,1.436328300042078,None,,,,,,,,,,,,,,1,0,1,0,,,,,,,,,,,,,26,0,26,0,,,,,804.1069941999158,,,,,,,,,,,,,,,,,,,,,,,,,,,,,,,,,,,,,,,,,,,,,,,804.0878125999589,804.0878455999773,,,,804.0878665999044,804.0878797998885,Read,Frieden,Harmonie,2,804.0910873999819,804.1069941999158,804.1069941999158,804.1069941999158,804.1069941999158,807.0959210000001,,,,,,,,,,,,,,,,,,,,,,,,,,,,,,,,,,,,,,,,,,,,,,,,,,,,,,,,,,,804.086015699897,804.0862458999036,None,,,None,807.0959976000013,807.1068944999715,809.2410006999271,809.2185292999493,,,,,,,,,,,,,,,,,,,,,,,BPL,,,,0,2025-05-29_22h28.04.049,part1_part2,2024.2.4,89.59313066317968,2025-05-29 22h28.27.671794 +0200,
,,27,0,27,None,None,,,,,,space,1.9684589999960735,None,p,1.436328300042078,None,,,,,,,,,,,,,,1,0,1,0,,,,,,,,,,,,,27,0,27,0,,,,,809.2410006999271,,,,,,,,,,,,,,,,,,,,,,,,,,,,,,,,,,,,,,,,,,,,,,,809.2207350999815,809.2207775999559,,,,809.2208002998959,809.2208138999995,Read,Foto,Album,2,809.2229138999246,809.2410006999271,809.2410006999271,809.2410006999271,809.2410006999271,812.229842599947,,,,,,,,,,,,,,,,,,,,,,,,,,,,,,,,,,,,,,,,,,,,,,,,,,,,,,,,,,,809.2187667998951,809.2190484999446,None,,,None,812.229919699952,812.2407380999066,814.9514830999542,814.9419421999482,,,,,,,,,,,,,,,,,,,,,,,BPL,,,,0,2025-05-29_22h28.04.049,part1_part2,2024.2.4,89.59313066317968,2025-05-29 22h28.27.671794 +0200,
,,28,0,28,2,None,1.3169584999559447,0.2141700000502169,,,,space,1.9684589999960735,None,p,1.436328300042078,None,,,,,,,,,,,,,,1,0,1,0,,,,,,,,,,,,,28,0,28,0,,,,,814.9514830999542,,,,,,,,,,,,,,,,,,,,,,,,,,,,,,,,,,,,,,,,,,,,,,,814.9441482999828,817.9412293999922,,,,817.9413023999659,820.0635255998932,Guess,Berg,Tal,2,820.0667475999799,820.084551799926,820.084551799926,820.084551799926,820.084551799926,823.0740203999449,,814.9514830999542,814.9514830999542,814.9514830999542,814.9514830999542,814.9514830999542,817.9516700999811,817.9516700999811,817.9516700999811,817.9516700999811,817.9516700999811,,,817.9516700999811,820.084551799926,,,,,,,,,,,,,,,,,,,,,,,,,,,,,,,,,,,,,,,,,,,,814.9422005999368,814.9425230999477,2,1.3169584999559447,0.2141700000502169,None,823.0740914999042,823.0847545999568,827.0844674999826,827.0750227998942,,,,,,,,,,,,,,,,,,,,,,,BPL,,,,0,2025-05-29_22h28.04.049,part1_part2,2024.2.4,89.59313066317968,2025-05-29 22h28.27.671794 +0200,
,,29,0,29,2,None,0.9902366000460461,0.21780949993990362,,,,space,1.9684589999960735,None,p,1.436328300042078,None,,,,,,,,,,,,,,1,0,1,0,,,,,,,,,,,,,29,0,29,0,,,,,827.0844674999826,,,,,,,,,,,,,,,,,,,,,,,,,,,,,,,,,,,,,,,,,,,,,,,827.0770298999269,830.0749002998928,,,,830.0749861999648,834.1294684999157,Guess,Beutel,Sack,2,834.1323387000011,834.1403273999458,834.1403273999458,834.1403273999458,834.1403273999458,837.1305738999508,,827.0844674999826,827.0844674999826,827.0844674999826,827.0844674999826,827.0844674999826,830.0853612999199,830.0853612999199,830.0853612999199,830.0853612999199,830.0853612999199,,,830.0853612999199,834.1403273999458,,,,,,,,,,,,,,,,,,,,,,,,,,,,,,,,,,,,,,,,,,,,827.075342600001,827.0755079999799,2,0.9902366000460461,0.21780949993990362,None,837.1306527999695,837.1409910999937,839.3846817999147,839.3749287999235,,,,,,,,,,,,,,,,,,,,,,,BPL,,,,0,2025-05-29_22h28.04.049,part1_part2,2024.2.4,89.59313066317968,2025-05-29 22h28.27.671794 +0200,
,,30,0,30,2,None,1.3408108999719843,0.23906509997323155,,,,space,1.9684589999960735,None,p,1.436328300042078,None,,,,,,,,,,,,,,1,0,1,0,,,,,,,,,,,,,30,0,30,0,,,,,839.3846817999147,,,,,,,,,,,,,,,,,,,,,,,,,,,,,,,,,,,,,,,,,,,,,,,839.377032999997,842.3748523999238,,,,842.3749536999967,845.0863951999927,Guess,Handwerker,Hammer,2,845.0900149999652,845.1076953999,845.1076953999,845.1076953999,845.1076953999,848.0964769999264,,839.3846817999147,839.3846817999147,839.3846817999147,839.3846817999147,839.3846817999147,842.3852838999592,842.3852838999592,842.3852838999592,842.3852838999592,842.3852838999592,,,842.3852838999592,845.1076953999,,,,,,,,,,,,,,,,,,,,,,,,,,,,,,,,,,,,,,,,,,,,839.37519959989,839.3753488999791,2,1.3408108999719843,0.23906509997323155,None,848.09656919993,848.1073129998986,850.5963565999409,850.5748167999554,,,,,,,,,,,,,,,,,,,,,,,BPL,,,,0,2025-05-29_22h28.04.049,part1_part2,2024.2.4,89.59313066317968,2025-05-29 22h28.27.671794 +0200,
,,31,0,31,None,None,,,,,,space,1.9684589999960735,None,p,1.436328300042078,None,,,,,,,,,,,,,,1,0,1,0,,,,,,,,,,,,,31,0,31,0,,,,,850.5963565999409,,,,,,,,,,,,,,,,,,,,,,,,,,,,,,,,,,,,,,,,,,,,,,,850.5771962999133,850.5772304999409,,,,850.5772530999966,850.5772666999837,Read,Safari,Elephant,2,850.5796312999446,850.5963565999409,850.5963565999409,850.5963565999409,850.5963565999409,853.5851228999672,,,,,,,,,,,,,,,,,,,,,,,,,,,,,,,,,,,,,,,,,,,,,,,,,,,,,,,,,,,850.5750889999326,850.5753842999693,None,,,None,853.5851889998885,853.5968944999622,856.1521654999815,856.1304422999965,,,,,,,,,,,,,,,,,,,,,,,BPL,,,,0,2025-05-29_22h28.04.049,part1_part2,2024.2.4,89.59313066317968,2025-05-29 22h28.27.671794 +0200,
,,32,0,32,None,None,,,,,,space,1.9684589999960735,None,p,1.436328300042078,None,,,,,,,,,,,,,,1,0,1,0,,,,,,,,,,,,,32,0,32,0,,,,,856.1521654999815,,,,,,,,,,,,,,,,,,,,,,,,,,,,,,,,,,,,,,,,,,,,,,,856.1325472999597,856.1325799999759,,,,856.1326037999243,856.1326168999076,Read,Wurm,Schleim,2,856.1348329999018,856.1521654999815,856.1521654999815,856.1521654999815,856.1521654999815,859.140476499917,,,,,,,,,,,,,,,,,,,,,,,,,,,,,,,,,,,,,,,,,,,,,,,,,,,,,,,,,,,856.1307062999113,856.1310049999738,None,,,None,859.1405537999235,859.1514304999728,863.0403209999204,863.0306985999923,,,,,,,,,,,,,,,,,,,,,,,BPL,,,,0,2025-05-29_22h28.04.049,part1_part2,2024.2.4,89.59313066317968,2025-05-29 22h28.27.671794 +0200,
,,33,0,33,2,None,2.2215203000232577,0.1903647999279201,,,,space,1.9684589999960735,None,p,1.436328300042078,None,,,,,,,,,,,,,,1,0,1,0,,,,,,,,,,,,,33,0,33,0,,,,,863.0403209999204,,,,,,,,,,,,,,,,,,,,,,,,,,,,,,,,,,,,,,,,,,,,,,,863.0333025999134,866.0305202999152,,,,866.030606299988,870.4976831999375,Guess,Sumpf,Alligator,2,870.5006948999362,870.5183654999128,870.5183654999128,870.5183654999128,870.5183654999128,873.5077453999547,,863.0403209999204,863.0403209999204,863.0403209999204,863.0403209999204,863.0403209999204,866.0410512998933,866.0410512998933,866.0410512998933,866.0410512998933,866.0410512998933,,,866.0410512998933,870.5183654999128,,,,,,,,,,,,,,,,,,,,,,,,,,,,,,,,,,,,,,,,,,,,863.0309878999833,863.0312254999299,2,2.2215203000232577,0.1903647999279201,None,873.5078125,873.5186233998975,877.074731499888,877.0529157998972,,,,,,,,,,,,,,,,,,,,,,,BPL,,,,0,2025-05-29_22h28.04.049,part1_part2,2024.2.4,89.59313066317968,2025-05-29 22h28.27.671794 +0200,
,,34,0,34,None,None,,,,,,space,1.9684589999960735,None,p,1.436328300042078,None,,,,,,,,,,,,,,1,0,1,0,,,,,,,,,,,,,34,0,34,0,,,,,877.074731499888,,,,,,,,,,,,,,,,,,,,,,,,,,,,,,,,,,,,,,,,,,,,,,,877.0549314999953,877.054970899946,,,,877.0549981999211,877.0550148999318,Read,Nase,Atem,2,877.0570574000012,877.074731499888,877.074731499888,877.074731499888,877.074731499888,880.0630298999604,,,,,,,,,,,,,,,,,,,,,,,,,,,,,,,,,,,,,,,,,,,,,,,,,,,,,,,,,,,877.0531922999071,877.0534596999642,None,,,None,880.0631005999167,880.0743658998981,883.0408631999744,883.0192395999329,,,,,,,,,,,,,,,,,,,,,,,BPL,,,,0,2025-05-29_22h28.04.049,part1_part2,2024.2.4,89.59313066317968,2025-05-29 22h28.27.671794 +0200,
,,35,0,35,None,None,,,,,,space,1.9684589999960735,None,p,1.436328300042078,None,,,,,,,,,,,,,,1,0,1,0,,,,,,,,,,,,,35,0,35,0,,,,,883.0408631999744,,,,,,,,,,,,,,,,,,,,,,,,,,,,,,,,,,,,,,,,,,,,,,,883.0221107999096,883.0221509999828,,,,883.0221802999731,883.0221936999587,Read,Teller,Gabel,2,883.0244446999859,883.0408631999744,883.0408631999744,883.0408631999744,883.0408631999744,886.0299668998923,,,,,,,,,,,,,,,,,,,,,,,,,,,,,,,,,,,,,,,,,,,,,,,,,,,,,,,,,,,883.0194212999195,883.0196261999663,None,,,None,886.0300338999368,886.0409353999421,889.0858995999442,889.0642797999317,,,,,,,,,,,,,,,,,,,,,,,BPL,,,,0,2025-05-29_22h28.04.049,part1_part2,2024.2.4,89.59313066317968,2025-05-29 22h28.27.671794 +0200,
,,36,0,36,None,None,,,,,,space,1.9684589999960735,None,p,1.436328300042078,None,,,,,,,,,,,,,,1,0,1,0,,,,,,,,,,,,,36,0,36,0,,,,,889.0858995999442,,,,,,,,,,,,,,,,,,,,,,,,,,,,,,,,,,,,,,,,,,,,,,,889.0664454998914,889.0664759998908,,,,889.0664971999358,889.0665105999215,Read,Mappe,Ordner,2,889.0686770998873,889.0858995999442,889.0858995999442,889.0858995999442,889.0858995999442,892.0747296999907,,,,,,,,,,,,,,,,,,,,,,,,,,,,,,,,,,,,,,,,,,,,,,,,,,,,,,,,,,,889.0645336000016,889.0647992999293,None,,,None,892.0748071999988,892.085629499983,894.2971290999558,894.2751973998966,,,,,,,,,,,,,,,,,,,,,,,BPL,,,,0,2025-05-29_22h28.04.049,part1_part2,2024.2.4,89.59313066317968,2025-05-29 22h28.27.671794 +0200,
,,37,0,37,2,None,1.8064646000275388,0.2843141999328509,,,,space,1.9684589999960735,None,p,1.436328300042078,None,,,,,,,,,,,,,,1,0,1,0,,,,,,,,,,,,,37,0,37,0,,,,,894.2971290999558,,,,,,,,,,,,,,,,,,,,,,,,,,,,,,,,,,,,,,,,,,,,,,,894.2781141999876,897.2858390999027,,,,897.285925299977,899.3308633998968,Guess,Schlüssel,Ring,2,899.3338146999013,899.340560899931,899.340560899931,899.340560899931,899.340560899931,902.331072299974,,894.2971290999558,894.2971290999558,894.2971290999558,894.2971290999558,894.2971290999558,897.2965826999862,897.2965826999862,897.2965826999862,897.2965826999862,897.2965826999862,,,897.2965826999862,899.340560899931,902.3413559999317,902.3413559999317,902.3413559999317,902.3413559999317,,,,,,,,,,,,,,,,,,,,,,,,,,,,,,,,,,,,,,,,894.2754942999454,894.2757259999635,2,1.8064646000275388,0.2843141999328509,None,902.331140199909,902.3413559999317,907.1303283999441,907.1193575999932,,,,,,,,,,,,,,,,,,,,,,,BPL,,,,0,2025-05-29_22h28.04.049,part1_part2,2024.2.4,89.59313066317968,2025-05-29 22h28.27.671794 +0200,
,,38,0,38,2,None,1.8620433999458328,0.2387070000404492,,,,space,1.9684589999960735,None,p,1.436328300042078,None,,,,,,,,,,,,,,1,0,1,0,,,,,,,,,,,,,38,0,38,0,,,,,907.1303283999441,,,,,,,,,,,,,,,,,,,,,,,,,,,,,,,,,,,,,,,,,,,,,,,907.1213287999853,910.1200003999984,,,,910.1200871999608,913.1637557999929,Guess,Eule,Augen,2,913.1661512999563,913.1740519999294,913.1740519999294,913.1740519999294,913.1740519999294,916.1636571999406,,907.1303283999441,907.1303283999441,907.1303283999441,907.1303283999441,907.1303283999441,910.1305621999782,910.1305621999782,910.1305621999782,910.1305621999782,910.1305621999782,,,910.1305621999782,913.1740519999294,916.1743534998968,916.1743534998968,916.1743534998968,916.1743534998968,,,,,,,,,,,,,,,,,,,,,,,,,,,,,,,,,,,,,,,,907.1196078999201,907.1198799998965,2,1.8620433999458328,0.2387070000404492,None,916.163705999963,916.1743534998968,918.3084418999497,918.2865066999802,,,,,,,,,,,,,,,,,,,,,,,BPL,,,,0,2025-05-29_22h28.04.049,part1_part2,2024.2.4,89.59313066317968,2025-05-29 22h28.27.671794 +0200,
,,39,0,39,None,None,,,,,,space,1.9684589999960735,None,p,1.436328300042078,None,,,,,,,,,,,,,,1,0,1,0,,,,,,,,,,,,,39,0,39,0,,,,,918.3084418999497,,,,,,,,,,,,,,,,,,,,,,,,,,,,,,,,,,,,,,,,,,,,,,,918.289247199893,918.2892802999122,,,,918.2893032999709,918.2893168999581,Read,Olympia,Medaille,2,918.2917404999025,918.3084418999497,918.3084418999497,918.3084418999497,918.3084418999497,921.2974506999599,,,,,,,,,,,,,,,,,,,,,,,,,,,,,,,,,,,,,,,,,,,,,,,,,,,,,,,,,,,918.2866987999296,918.2869068,None,,,None,921.2975208999123,921.308271399932,923.4298520999728,923.419579999987,,,,,,,,,,,,,,,,,,,,,,,BPL,,,,0,2025-05-29_22h28.04.049,part1_part2,2024.2.4,89.59313066317968,2025-05-29 22h28.27.671794 +0200,
,,,,,,,,,,,,,,,,,,,,,,,,,,,,,,,,,,,,,,,,,,,,,,,,,,,,,,,,,,,,,,,,,,,,,,,,,,,,,,,,,,,,,,,,,,,,,,,,,,,,,,,,,,,,,,,,,,,,,,,,,,,,,,,,,,,,,,,,,,,,,,,,,,,,,,,,,,,,,,,,,,,,,,,,,,923.4233814999461,923.4298520999728,923.4359253666519,924.641674399958,933.4253168666658,934.4424657999771,935.4195468999678,,,,,,,,,,,935.419590299949,,,935.4196204999462,None,,,935.4301306999987,935.4197073999094,935.4301306999987,935.4301306999987,948.5198391999584,space,13.087688499945216,None,,,,,,,,BPL,,,,0,2025-05-29_22h28.04.049,part1_part2,2024.2.4,89.59313066317968,2025-05-29 22h28.27.671794 +0200,
,,,,,,,,,,,,,,,,,,,,,,,,,,,,,,,,,,,,,,,,,,,,,,,,,,,,,,,,,,,,,,,,,,,,,,,,,,,,,,,,,,,,,,,,,,,,,,,,,,,,,,,,,,,,,,,,,,,,,,,,,,,,,,,,,,,,,,,,,,,,,,,,,,,,,,,,,,,,,,,,,,,,,,,,,,,,,,,,,,,,,,,,,,,,,,,,,,,,,,,,,,948.5198942999123,948.5308721999172,949.5198879999807,965.5097283999203,2,15.981379400007427,None,BPL,,,,0,2025-05-29_22h28.04.049,part1_part2,2024.2.4,89.59313066317968,2025-05-29 22h28.27.671794 +0200,
,,0,0,0,,,,,,,,,,,,,,Smiley_left.png,"[0.3, 0]",right,3,"[-0.3, 0]",,,,,,,,,,,,,,,,,,,,,,,,,,,,,0,0,0,2,,,,,,,,,,,,,,,,,,,,,,,,,,,,,,,,,,,,,,,,,,,,,,,,,,,,,,,,,,,,,,,,,,,,,,,,,,,,,,,,,,,,,,,,,,,,,,,,,,,,,,,,,,,,,,,,,,,,,,,,,,,,,,,,,,,,,,,,,,,,,,,,,,,,,,,,,,,,,,,,,,,,,
